asset,model,in_mcs,es_99_1d,n_star_usd,bind_rate,mean_utilisation,max_utilisation,budget_breach_rate,flagged_breach_rate,es_exceedance_rate,worst_loss_usd
BTC,AWHS,True,-0.11537537240418626,1040083.3167377576,0.5127150336574421,0.9999999999999998,2.6383746145863567,0.004113687359760658,0.7272727272727273,0.005235602094240838,489424.7360349345
BTC,CAViaR-AS,True,-0.11022376572796613,1088694.4317994157,0.46783844427823484,1.0000000000000002,4.589499740547502,0.0048616305160807775,0.7692307692307693,0.005983545250560957,512299.3286512629
BTC,CAViaR-SAV,True,-0.11161639561729024,1075110.8682227603,0.4801795063575168,1.0,5.770021444884967,0.004487658937920718,0.75,0.0048616305160807775,505907.40608993353
BTC,CAViaR-X-AS,True,-0.10885675576229549,1102366.1247266766,0.45400149588631267,0.9999999999999998,4.383738945567891,0.0048616305160807775,0.8461538461538461,0.005235602094240838,518732.72162507067
BTC,EGARCH-t,True,-0.15248298319410772,786973.0607725746,0.3470456245325355,1.0002257251471045,16.729735941687256,0.0011219147344801795,0.0,0.0029917726252804786,370320.4121601496
BTC,EWMA,True,-0.08000213719447268,1499959.92867414,0.4143605086013463,0.9999999999999998,3.9933309499002645,0.014210919970082274,0.7368421052631579,0.014584891548242334,705825.6587144332
BTC,FHS,True,-0.1175206384965381,1021097.2433028002,0.40463724756918473,1.0,8.889588122253526,0.0033657442034405387,0.6666666666666666,0.004113687359760658,480490.592173855
BTC,GARCH-EVT,True,-0.12939524079109782,927391.1410214385,0.3706058339566193,1.0,6.802726567144295,0.002617801047120419,0.7142857142857143,0.004487658937920718,436395.96664157993
BTC,GARCH-X,True,-0.15708734531695878,763906.2189119895,0.29693343305908754,1.0,10.07337626490912,0.0011219147344801795,0.3333333333333333,0.0033657442034405387,359466.00962614286
BTC,GARCH-t,True,-0.1339882466327376,895600.9427373175,0.40650710545998503,1.0,5.2000780235249975,0.002617801047120419,0.7142857142857143,0.0029917726252804786,421436.67525278527
BTC,GJR-GARCH-t,True,-0.13335619240327423,899845.7277268041,0.4080029917726253,1.0,5.606358336949583,0.002617801047120419,0.8571428571428571,0.0029917726252804786,423434.1140536696
BTC,HAR-RV,True,-0.08533020215445533,1406301.6021313206,0.4214659685863874,1.0,4.452485974729288,0.012341062079281975,0.8181818181818182,0.007853403141361256,661753.5146774851
BTC,HARQ,True,-0.08231532957448294,1457808.656301596,0.3870605833956619,1.0,5.366791602764519,0.013462976813762155,0.8055555555555556,0.014958863126402393,685990.8291171514
BTC,HS,True,-0.12181873879448363,985070.1229344365,0.4839192221391174,1.0,1.6868232114937303,0.0029917726252804786,0.625,0.002617801047120419,463537.56197653373
BTC,Jump-Diffusion,True,-0.11989146387861085,1000905.2864806041,0.5931189229618549,1.0000000000000002,1.7477636682802418,0.0029917726252804786,0.75,0.0037397157816005983,470989.0041965296
BTC,MS-GARCH,True,-0.10708476608429161,1120607.5746156292,0.4869109947643979,1.0000000000000004,3.486805645095518,0.0048616305160807775,0.6923076923076923,0.0037397157816005983,527316.4731891255
BTC,Realized-GARCH,True,-0.12641303212481725,949269.2168123523,0.39827973074046374,1.0,5.253516336878179,0.0029917726252804786,0.75,0.002243829468960359,446690.97983581625
ETH,AWHS,True,-0.15645051134144228,767015.7097672146,0.5086013462976814,1.0,2.096388144053773,0.004113687359760658,0.6363636363636364,0.005609573672400898,433835.12122231873
ETH,CAViaR-AS,True,-0.15427957853238264,777808.7102747206,0.39827973074046374,1.0,5.494665505571144,0.004487658937920718,0.6666666666666666,0.004487658937920718,439939.7975984356
ETH,CAViaR-SAV,True,-0.1545487791184982,776453.8852033998,0.4255796559461481,1.0,4.609558808758471,0.004487658937920718,0.75,0.006357516828721017,439173.4890449513
ETH,CAViaR-X-AS,True,-0.15295217029430924,784558.9884020413,0.3967838444278235,0.9999999999999998,5.47429071627735,0.005235602094240838,0.8571428571428571,0.004487658937920718,443757.8520298622
ETH,EGARCH-t,True,-0.1773002945018228,676817.826711316,0.34480179506357517,1.0,11.532283003740833,0.002243829468960359,1.0,0.0037397157816005983,382817.9008039412
ETH,EWMA,True,-0.10528546864773895,1139758.4257471703,0.41847419596110697,1.0000000000000002,3.8396439549152426,0.014210919970082274,0.7105263157894737,0.015332834704562454,644663.7643813725
ETH,FHS,True,-0.15515311255949368,773429.5369291146,0.4218399401645475,0.9999999999999998,7.017243875667601,0.004487658937920718,0.75,0.005235602094240838,437462.87414686626
ETH,GARCH-EVT,True,-0.1547384524502023,775502.1334378294,0.4098728496634256,1.0,6.5564751532288925,0.004487658937920718,0.75,0.0048616305160807775,438635.1645525949
ETH,GARCH-X,True,-0.174760100223754,686655.5915587029,0.3706058339566193,1.0,8.572703043786174,0.002243829468960359,0.8333333333333334,0.0029917726252804786,388382.2821468188
ETH,GARCH-t,True,-0.16845913668551962,712338.9230233122,0.39416604338070305,1.0,6.258150687337565,0.002243829468960359,0.8333333333333334,0.0029917726252804786,402909.1439535
ETH,GJR-GARCH-t,True,-0.16871704587191466,711250.006659675,0.39603590127150334,1.0000000000000002,5.856038645505933,0.002243829468960359,1.0,0.0037397157816005983,402293.23719096073
ETH,HAR-RV,True,-0.10853197592716174,1105664.9339963617,0.40575916230366493,1.0,4.731555781834009,0.013836948391922213,0.7297297297297297,0.009723261032161555,625379.9949119139
ETH,HARQ,True,-0.10571825160524782,1135092.551928311,0.39603590127150334,1.0,4.857487618406096,0.014210919970082274,0.7105263157894737,0.014958863126402393,642024.6790171011
ETH,HS,True,-0.16604534429750026,722694.1562721464,0.587509349289454,1.0,1.6431836914801874,0.002243829468960359,0.8333333333333334,0.004487658937920718,408766.2128695419
ETH,Jump-Diffusion,True,-0.16564210361500023,724453.489668994,0.5908750934928946,0.9999999999999998,1.737601224131694,0.002243829468960359,0.6666666666666666,0.005235602094240838,409761.31715198676
ETH,MS-GARCH,True,-0.1391254347433794,862530.9974509206,0.4476439790575916,1.0,3.3471978830256517,0.007105459985041137,0.8421052631578947,0.005609573672400898,487859.9422046966
ETH,Realized-GARCH,True,-0.16024394057393074,748858.2692750017,0.35901271503365745,1.0,6.806707393638573,0.0037397157816005983,0.8,0.0029917726252804786,423565.01163171214
