asset,alpha,asof,date,lag,ret,per_day,c_return,c_squared,c_down_squared,base_var,flat_var
BTC,0.025,2026-10-01,2026-09-12,20,0.0006864528361080594,-8.550857280339302e-05,-8.554206112487e-05,5.0110101429412524e-08,0.0,0.035029524864744414,0.03978271997437436
BTC,0.025,2026-10-01,2026-09-13,19,-0.005667260212669204,0.0006799237841972616,0.0006744363252591951,2.8060552909325853e-06,2.9396713645477024e-06,0.035029524864744414,0.03978271997437436
BTC,0.025,2026-10-01,2026-09-14,18,0.017380162682425288,-0.002031215344413209,-0.002058024530462936,2.4111377474017592e-05,0.0,0.035029524864744414,0.03978271997437436
BTC,0.025,2026-10-01,2026-09-15,17,-0.033087188533483976,0.0030639201014900502,0.0029389326779410765,7.761799977135109e-05,8.281751978547053e-05,0.035029524864744414,0.03978271997437436
BTC,0.025,2026-10-01,2026-09-16,16,0.007395861015404931,-0.0006554847608680678,-0.0006590242516169853,3.4073236082898806e-06,0.0,0.035029524864744414,0.03978271997437436
BTC,0.025,2026-10-01,2026-09-17,15,0.002764984396547914,-0.00021012146911610075,-0.000210541560940386,4.175819882587528e-07,0.0,0.035029524864744414,0.03978271997437436
BTC,0.025,2026-10-01,2026-09-18,14,0.05680910686215356,-0.003951752957224421,-0.004132555509063128,0.00014902700576258088,0.0,0.035029524864744414,0.03978271997437436
BTC,0.025,2026-10-01,2026-09-19,13,0.0045162759007227075,-0.0002553857325528139,-0.00025621017485266684,8.184560137403096e-07,0.0,0.035029524864744414,0.03978271997437436
BTC,0.025,2026-10-01,2026-09-20,12,-0.000886423635653308,4.285134287305287e-05,4.280129399932692e-05,3.340674224749929e-08,3.340674224749929e-08,0.035029524864744414,0.03978271997437436
BTC,0.025,2026-10-01,2026-09-21,11,0.06488646128921773,-0.0027982942427510968,-0.0029448995036904582,0.00012375336357461214,0.0,0.035029524864744414,0.03978271997437436
BTC,0.025,2026-10-01,2026-09-22,10,-0.004761259102827971,0.00016951200321070614,0.00016833178222015743,5.846133897327577e-07,6.180195744540096e-07,0.035029524864744414,0.03978271997437436
BTC,0.025,2026-10-01,2026-09-23,9,-0.021230511505009715,0.0006505433813865438,0.0006311447835325654,9.836908836401148e-06,1.0588341756247177e-05,0.035029524864744414,0.03978271997437436
BTC,0.025,2026-10-01,2026-09-24,8,0.0001497560779595875,-3.892103536198843e-06,-3.892103536198843e-06,0.0,0.0,0.035029524864744414,0.03978271997437436
BTC,0.025,2026-10-01,2026-09-25,7,-0.0036822731837714584,8.158437027136478e-05,8.11344265059244e-05,2.1714325514760047e-07,2.3384652671210038e-07,0.035029524864744414,0.03978271997437436
BTC,0.025,2026-10-01,2026-09-26,6,0.00395305674135413,-7.424156595177422e-05,-7.445917076917552e-05,2.1714325514760047e-07,0.0,0.035029524864744414,0.03978271997437436
BTC,0.025,2026-10-01,2026-09-27,5,-0.00048129697756303506,7.699411479607232e-06,7.682711767903472e-06,0.0,1.6703375106674745e-08,0.035029524864744414,0.03978271997437436
BTC,0.025,2026-10-01,2026-09-28,4,-0.010430841865976396,0.00014348800429470066,0.00014129212064278168,1.0689999500185232e-06,1.169217022756186e-06,0.035029524864744414,0.03978271997437436
BTC,0.025,2026-10-01,2026-09-29,3,0.0018887817506239605,-2.2205826167222276e-05,-2.223925411846267e-05,3.340674224749929e-08,0.0,0.035029524864744414,0.03978271997437436
BTC,0.025,2026-10-01,2026-09-30,2,-0.0011357921485536623,1.1907484993751993e-05,1.1890787288616755e-05,1.6703375106674745e-08,1.6703375106674745e-08,0.035029524864744414,0.03978271997437436
BTC,0.025,2026-10-01,2026-10-01,1,0.014226769680826557,-0.00014184756156190859,-0.0001431892685350017,1.319542094264936e-06,0.0,0.035029524864744414,0.03978271997437436
BTC,0.01,2026-10-01,2026-09-12,20,0.0006864528361080594,-0.00011541263388966522,-0.00011545783374810464,6.763460785874642e-08,0.0,0.04728005153166483,0.053695534202100444
BTC,0.01,2026-10-01,2026-09-13,19,-0.005667260212669204,0.0009177067539047623,0.000910300220634,3.7873890458978154e-06,3.967733337474633e-06,0.04728005153166483,0.053695534202100444
BTC,0.01,2026-10-01,2026-09-14,18,0.017380162682425288,-0.0027415720460548104,-0.002777756941592137,3.2543609251686756e-05,0.0,0.04728005153166483,0.053695534202100444
BTC,0.01,2026-10-01,2026-09-15,17,-0.033087188533483976,0.004135434347074182,0.003966736317368588,0.00010476256937951012,0.00011178046571571482,0.04728005153166483,0.053695534202100444
BTC,0.01,2026-10-01,2026-09-16,16,0.007395861015404931,-0.0008847209144779086,-0.0008894982360559481,4.598932940337586e-06,0.0,0.04728005153166483,0.053695534202100444
BTC,0.01,2026-10-01,2026-09-17,15,0.002764984396547914,-0.00028360515668076486,-0.0002841721630326005,5.63618775865915e-07,0.0,0.04728005153166483,0.053695534202100444
BTC,0.01,2026-10-01,2026-09-18,14,0.05680910686215356,-0.005333760140321643,-0.005577792966944252,0.00020114473545588402,0.0,0.04728005153166483,0.053695534202100444
BTC,0.01,2026-10-01,2026-09-19,13,0.0045162759007227075,-0.00034469923991752027,-0.00034581200620745906,1.1046864796249167e-06,0.0,0.04728005153166483,0.053695534202100444
BTC,0.01,2026-10-01,2026-09-20,12,-0.000886423635653308,5.783731600875197e-05,5.7769764041148974e-05,4.508974931621834e-08,4.508974931621834e-08,0.04728005153166483,0.053695534202100444
BTC,0.01,2026-10-01,2026-09-21,11,0.06488646128921773,-0.0037769138036808023,-0.003974789861628782,0.00016703239423362243,0.0,0.04728005153166483,0.053695534202100444
BTC,0.01,2026-10-01,2026-09-22,10,-0.004761259102827971,0.00022879374693157706,0.0002272007790147315,7.890644049338147e-07,8.341534017408669e-07,0.04728005153166483,0.053695534202100444
BTC,0.01,2026-10-01,2026-09-23,9,-0.021230511505009715,0.0008780514355904157,0.0008518687594131213,1.3277072940409695e-05,1.4291297007390513e-05,0.04728005153166483,0.053695534202100444
BTC,0.01,2026-10-01,2026-09-24,8,0.0001497560779595875,-5.253250121690922e-06,-5.253250121690922e-06,0.0,0.0,0.04728005153166483,0.053695534202100444
BTC,0.01,2026-10-01,2026-09-25,7,-0.0036822731837714584,0.00011011605911019628,0.00010950876099529577,2.930826019584276e-07,3.156273422483258e-07,0.04728005153166483,0.053695534202100444
BTC,0.01,2026-10-01,2026-09-26,6,0.00395305674135413,-0.00010020532900588408,-0.0001004990345876769,2.930826019584276e-07,0.0,0.04728005153166483,0.053695534202100444
BTC,0.01,2026-10-01,2026-09-27,5,-0.00048129697756303506,1.0392049932868297e-05,1.0369509997401605e-05,0.0,2.25448800322825e-08,0.04728005153166483,0.053695534202100444
BTC,0.01,2026-10-01,2026-09-28,4,-0.010430841865976396,0.00019366863419996438,0.0001907048060401234,1.4428506501032445e-06,1.5781156410474284e-06,0.04728005153166483,0.053695534202100444
BTC,0.01,2026-10-01,2026-09-29,3,0.0018887817506239605,-2.997164847492323e-05,-3.001676685044502e-05,4.508974931621834e-08,0.0,0.04728005153166483,0.053695534202100444
BTC,0.01,2026-10-01,2026-09-30,2,-0.0011357921485536623,1.6071771064288254e-05,1.6049233837127364e-05,2.25448800322825e-08,2.25448800322825e-08,0.04728005153166483,0.053695534202100444
BTC,0.01,2026-10-01,2026-10-01,1,0.014226769680826557,-0.00019145449577701729,-0.00019326542455989915,1.781012401849691e-06,0.0,0.04728005153166483,0.053695534202100444
ETH,0.025,2026-10-01,2026-09-12,20,0.003768081311301149,-0.00024238541088102833,-0.00024295985639367218,5.721284779408586e-07,0.0,0.05999230515313997,0.06185708412722318
ETH,0.025,2026-10-01,2026-09-13,19,-0.019520790637656917,0.0012121477795862881,0.0011802005532474194,1.5331157034392806e-05,2.0164235516408058e-05,0.05999230515313997,0.06185708412722318
ETH,0.025,2026-10-01,2026-09-14,18,0.015482448721950155,-0.0009617130180397393,-0.0009715378273478167,9.139099830711428e-06,0.0,0.05999230515313997,0.06185708412722318
ETH,0.025,2026-10-01,2026-09-15,17,-0.04782749541700071,0.0025364859643266027,0.002387842998144915,8.034488857271149e-05,0.00010679324744877067,0.05999230515313997,0.06185708412722318
ETH,0.025,2026-10-01,2026-09-16,16,0.008304798879415877,-0.00042743860859938837,-0.0004297146714031738,2.2169674593688904e-06,0.0,0.05999230515313997,0.06185708412722318
ETH,0.025,2026-10-01,2026-09-17,15,0.011928930448222286,-0.0005566326305294772,-0.00056094914590573,4.1478078497275694e-06,0.0,0.05999230515313997,0.06185708412722318
ETH,0.025,2026-10-01,2026-09-18,14,0.06519260501076383,-0.002883842754877103,-0.0030198816912920118,0.00011146191215608003,0.0,0.05999230515313997,0.06185708412722318
ETH,0.025,2026-10-01,2026-09-19,13,0.007836328407657052,-0.0002983333819629383,-0.0002998570885041976,1.4875226937369201e-06,0.0,0.05999230515313997,0.06185708412722318
ETH,0.025,2026-10-01,2026-09-20,12,0.004744320083342025,-0.00016388156311678004,-0.000164383547550849,5.006127165793628e-07,0.0,0.05999230515313997,0.06185708412722318
ETH,0.025,2026-10-01,2026-09-21,11,0.04832902686271647,-0.0015574177185267712,-0.0016098577072886436,4.68678354987595e-05,0.0,0.05999230515313997,0.06185708412722318
ETH,0.025,2026-10-01,2026-09-22,10,-0.008159442862044633,0.000235312567138532,0.0002324915594553445,1.2443724674987555e-06,1.6448546679218023e-06,0.05999230515313997,0.06185708412722318
ETH,0.025,2026-10-01,2026-09-23,9,-0.025347326565563894,0.0006754034865688943,0.0006511870102365383,1.0926710845647614e-05,1.4544672507256495e-05,0.05999230515313997,0.06185708412722318
ETH,0.025,2026-10-01,2026-09-24,8,0.0012433089995653923,-2.9972856819542038e-05,-2.9987167247488844e-05,2.8606553480192698e-08,0.0,0.05999230515313997,0.06185708412722318
ETH,0.025,2026-10-01,2026-09-25,7,0.0013235039090424277,-2.9185788536910395e-05,-2.9200098777208694e-05,2.8606553480192698e-08,0.0,0.05999230515313997,0.06185708412722318
ETH,0.025,2026-10-01,2026-09-26,6,0.0017520615327648599,-3.543968858681773e-05,-3.5482623791070755e-05,4.290982511673258e-08,0.0,0.05999230515313997,0.06185708412722318
ETH,0.025,2026-10-01,2026-09-27,5,-0.004140584299226169,7.751656517645394e-05,7.703088004999692e-05,2.1454881864169106e-07,2.8606492099431113e-07,0.05999230515313997,0.06185708412722318
ETH,0.025,2026-10-01,2026-09-28,4,0.0014325481108406924,-2.4792706067748582e-05,-2.4821324456969496e-05,2.8606553480192698e-08,0.0,0.05999230515313997,0.06185708412722318
ETH,0.025,2026-10-01,2026-09-29,3,-0.003874150808376848,6.338723344621183e-05,6.303002819522258e-05,1.5733587535593507e-07,2.1454881864169106e-07,0.05999230515313997,0.06185708412722318
ETH,0.025,2026-10-01,2026-09-30,2,0.002767312769833773,-4.345479223464427e-05,-4.352636048020331e-05,8.581961952192074e-08,0.0,0.05999230515313997,0.06185708412722318
ETH,0.025,2026-10-01,2026-10-01,1,0.006508648218446194,-0.00010487739601595242,-0.00010529291771371047,4.1479369043001535e-07,0.0,0.05999230515313997,0.06185708412722318
ETH,0.01,2026-10-01,2026-09-12,20,0.003768081311301149,-0.0003382034994848099,-0.0003390050307400666,7.982982667686933e-07,0.0,0.0837080394863841,0.08630998971312524
ETH,0.01,2026-10-01,2026-09-13,19,-0.019520790637656917,0.0016913254781247694,0.0016467490999204776,2.139176174562052e-05,2.8135418675967472e-05,0.0837080394863841,0.08630998971312524
ETH,0.01,2026-10-01,2026-09-14,18,0.015482448721950155,-0.0013418906155238247,-0.001355599299052615,1.2751904224159172e-05,0.0,0.0837080394863841,0.08630998971312524
ETH,0.01,2026-10-01,2026-09-15,17,-0.04782749541700071,0.0035391916799416,0.003331788226269533,0.00011210626242826038,0.00014900999972415618,0.0837080394863841,0.08630998971312524
ETH,0.01,2026-10-01,2026-09-16,16,0.008304798879415877,-0.0005964106202505093,-0.0005995864401255185,3.0933633764357316e-06,0.0,0.0837080394863841,0.08630998971312524
ETH,0.01,2026-10-01,2026-09-17,15,0.011928930448222286,-0.0007766767104019634,-0.000782699600148179,5.7874899519333445e-06,0.0,0.0837080394863841,0.08630998971312524
ETH,0.01,2026-10-01,2026-09-18,14,0.06519260501076383,-0.0040238631034690275,-0.004213679991352179,0.00015552424798767617,0.0,0.0837080394863841,0.08630998971312524
ETH,0.01,2026-10-01,2026-09-19,13,0.007836328407657052,-0.0004162684273210093,-0.0004183944747698648,2.075559658296089e-06,0.0,0.0837080394863841,0.08630998971312524
ETH,0.01,2026-10-01,2026-09-20,12,0.004744320083342025,-0.00022866606511370846,-0.00022936649048863056,6.98511399749302e-07,0.0,0.0837080394863841,0.08630998971312524
ETH,0.01,2026-10-01,2026-09-21,11,0.04832902686271647,-0.0021730850906036547,-0.0022462552853267787,6.539529718947723e-05,0.0,0.0837080394863841,0.08630998971312524
ETH,0.01,2026-10-01,2026-09-22,10,-0.008159442862044633,0.00032833466911121045,0.00032439848059614973,1.736289002060576e-06,2.295086997242124e-06,0.0837080394863841,0.08630998971312524
ETH,0.01,2026-10-01,2026-09-23,9,-0.025347326565563894,0.0009423992223441258,0.000908609659634782,1.5246180999198278e-05,2.0294369710349702e-05,0.0837080394863841,0.08630998971312524
ETH,0.01,2026-10-01,2026-09-24,8,0.0012433089995653923,-4.182151487204522e-05,-4.18414823972757e-05,3.99150941465809e-08,0.0,0.0837080394863841,0.08630998971312524
ETH,0.01,2026-10-01,2026-09-25,7,0.0013235039090424277,-4.072330831515758e-05,-4.074327557858359e-05,3.99150941465809e-08,0.0,0.0837080394863841,0.08630998971312524
ETH,0.01,2026-10-01,2026-09-26,6,0.0017520615327648599,-4.94494559600267e-05,-4.9509364005953516e-05,5.98726341005662e-08,0.0,0.0837080394863841,0.08630998971312524
ETH,0.01,2026-10-01,2026-09-27,5,-0.004140584299226169,0.000108159866204105,0.0001074821834639722,2.993627422204215e-07,3.9915008502589e-07,0.0837080394863841,0.08630998971312524
ETH,0.01,2026-10-01,2026-09-28,4,0.0014325481108406924,-3.459358351368125e-05,-3.463351512238144e-05,3.99150941465809e-08,0.0,0.0837080394863841,0.08630998971312524
ETH,0.01,2026-10-01,2026-09-29,3,-0.003874150808376848,8.844502685309563e-05,8.794661374530999e-05,2.1953278230013584e-07,2.993627422204215e-07,0.0837080394863841,0.08630998971312524
ETH,0.01,2026-10-01,2026-09-30,2,0.002767312769833773,-6.063303376932505e-05,-6.0732893868223337e-05,1.1974522534652365e-07,0.0,0.0837080394863841,0.08630998971312524
ETH,0.01,2026-10-01,2026-10-01,1,0.006508648218446194,-0.00014633678743503076,-0.00014691657023541138,5.787670023515989e-07,0.0,0.0837080394863841,0.08630998971312524
