date,asset,feature,importance
2019-05-16,BTC,r_lag1,0.13100071157556833
2019-05-16,BTC,r2_lag1,0.13539455067645575
2019-05-16,BTC,r2_w,0.11971007926662323
2019-05-16,BTC,r2_m,0.12350756000901139
2019-05-16,BTC,down2_lag1,0.058238010617916496
2019-05-16,BTC,log_rv_lag1,0.13258526910752383
2019-05-16,BTC,log_rv_w,0.15853157395930878
2019-05-16,BTC,log_rv_m,0.14103224478759213
2019-06-05,BTC,r_lag1,0.14962602266971314
2019-06-05,BTC,r2_lag1,0.11848059245654638
2019-06-05,BTC,r2_w,0.14170589694171914
2019-06-05,BTC,r2_m,0.13562578808325623
2019-06-05,BTC,down2_lag1,0.05841339810129522
2019-06-05,BTC,log_rv_lag1,0.1324271137020361
2019-06-05,BTC,log_rv_w,0.11813009428395545
2019-06-05,BTC,log_rv_m,0.14559109376147836
2019-06-25,BTC,r_lag1,0.14665614738298993
2019-06-25,BTC,r2_lag1,0.10224492543439175
2019-06-25,BTC,r2_w,0.14550953802861263
2019-06-25,BTC,r2_m,0.11837926408542003
2019-06-25,BTC,down2_lag1,0.05604772036487228
2019-06-25,BTC,log_rv_lag1,0.12989165391433802
2019-06-25,BTC,log_rv_w,0.11914107246937856
2019-06-25,BTC,log_rv_m,0.18212967831999682
2019-07-15,BTC,r_lag1,0.17637864033831158
2019-07-15,BTC,r2_lag1,0.10630281156839018
2019-07-15,BTC,r2_w,0.13021314080977786
2019-07-15,BTC,r2_m,0.10174566196186113
2019-07-15,BTC,down2_lag1,0.054075733325962744
2019-07-15,BTC,log_rv_lag1,0.1307924588969039
2019-07-15,BTC,log_rv_w,0.15930566667477192
2019-07-15,BTC,log_rv_m,0.1411858864240207
2019-08-04,BTC,r_lag1,0.16909231334928287
2019-08-04,BTC,r2_lag1,0.09703403714912819
2019-08-04,BTC,r2_w,0.16744332695033415
2019-08-04,BTC,r2_m,0.12828230942643432
2019-08-04,BTC,down2_lag1,0.050395775980361227
2019-08-04,BTC,log_rv_lag1,0.1470861959800894
2019-08-04,BTC,log_rv_w,0.1338917369345692
2019-08-04,BTC,log_rv_m,0.10677430422980067
2019-08-24,BTC,r_lag1,0.16853114259876523
2019-08-24,BTC,r2_lag1,0.09701786371396871
2019-08-24,BTC,r2_w,0.16426092204438714
2019-08-24,BTC,r2_m,0.11776445583286634
2019-08-24,BTC,down2_lag1,0.06005114331842537
2019-08-24,BTC,log_rv_lag1,0.14120230977223608
2019-08-24,BTC,log_rv_w,0.13867793696337982
2019-08-24,BTC,log_rv_m,0.11249422575597146
2019-09-13,BTC,r_lag1,0.15857443469937924
2019-09-13,BTC,r2_lag1,0.12194564065567462
2019-09-13,BTC,r2_w,0.17320853631022928
2019-09-13,BTC,r2_m,0.11454275986890008
2019-09-13,BTC,down2_lag1,0.059507553001454175
2019-09-13,BTC,log_rv_lag1,0.11525682556222899
2019-09-13,BTC,log_rv_w,0.13840794007108073
2019-09-13,BTC,log_rv_m,0.11855630983105286
2019-10-03,BTC,r_lag1,0.1788009656300944
2019-10-03,BTC,r2_lag1,0.1111153325128289
2019-10-03,BTC,r2_w,0.13867745583935664
2019-10-03,BTC,r2_m,0.12947173050527558
2019-10-03,BTC,down2_lag1,0.0472667242175687
2019-10-03,BTC,log_rv_lag1,0.13782362672342655
2019-10-03,BTC,log_rv_w,0.15782296326263898
2019-10-03,BTC,log_rv_m,0.09902120130881026
2019-10-23,BTC,r_lag1,0.17385496146119916
2019-10-23,BTC,r2_lag1,0.0905345464089661
2019-10-23,BTC,r2_w,0.14143338585626328
2019-10-23,BTC,r2_m,0.140739253264694
2019-10-23,BTC,down2_lag1,0.05565848305413044
2019-10-23,BTC,log_rv_lag1,0.14692680270297037
2019-10-23,BTC,log_rv_w,0.13410324461251943
2019-10-23,BTC,log_rv_m,0.11674932263925726
2019-11-12,BTC,r_lag1,0.14032602684866383
2019-11-12,BTC,r2_lag1,0.10075884327642427
2019-11-12,BTC,r2_w,0.13542075458132938
2019-11-12,BTC,r2_m,0.13628185561507183
2019-11-12,BTC,down2_lag1,0.06035810356141134
2019-11-12,BTC,log_rv_lag1,0.15521071907221312
2019-11-12,BTC,log_rv_w,0.1474573263360598
2019-11-12,BTC,log_rv_m,0.12418637070882645
2019-12-02,BTC,r_lag1,0.1412233508343648
2019-12-02,BTC,r2_lag1,0.09098299792125315
2019-12-02,BTC,r2_w,0.18785029380732254
2019-12-02,BTC,r2_m,0.1189668234874521
2019-12-02,BTC,down2_lag1,0.03684546943348392
2019-12-02,BTC,log_rv_lag1,0.16675266064543823
2019-12-02,BTC,log_rv_w,0.1437189376520345
2019-12-02,BTC,log_rv_m,0.11365946621865071
2019-12-22,BTC,r_lag1,0.15168248185729807
2019-12-22,BTC,r2_lag1,0.09452292496252311
2019-12-22,BTC,r2_w,0.16127735232260895
2019-12-22,BTC,r2_m,0.1362718708573442
2019-12-22,BTC,down2_lag1,0.031016967306174866
2019-12-22,BTC,log_rv_lag1,0.17073362260539499
2019-12-22,BTC,log_rv_w,0.14857053058135644
2019-12-22,BTC,log_rv_m,0.10592424950729938
2020-01-11,BTC,r_lag1,0.13495188838666744
2020-01-11,BTC,r2_lag1,0.09823296431655268
2020-01-11,BTC,r2_w,0.18539249860002752
2020-01-11,BTC,r2_m,0.13839809470288897
2020-01-11,BTC,down2_lag1,0.03928603345788354
2020-01-11,BTC,log_rv_lag1,0.1599365093085077
2020-01-11,BTC,log_rv_w,0.14175653366325178
2020-01-11,BTC,log_rv_m,0.10204547756422044
2020-01-31,BTC,r_lag1,0.12452608821270664
2020-01-31,BTC,r2_lag1,0.08368532404052431
2020-01-31,BTC,r2_w,0.23295247429859808
2020-01-31,BTC,r2_m,0.1425971748116244
2020-01-31,BTC,down2_lag1,0.02947413141052365
2020-01-31,BTC,log_rv_lag1,0.1277960100983877
2020-01-31,BTC,log_rv_w,0.1494677656982185
2020-01-31,BTC,log_rv_m,0.10950103142941667
2020-02-20,BTC,r_lag1,0.11021119257616523
2020-02-20,BTC,r2_lag1,0.11212256498950995
2020-02-20,BTC,r2_w,0.20802923377961677
2020-02-20,BTC,r2_m,0.132003318219694
2020-02-20,BTC,down2_lag1,0.031619148643561676
2020-02-20,BTC,log_rv_lag1,0.13991304335138513
2020-02-20,BTC,log_rv_w,0.15630533626183554
2020-02-20,BTC,log_rv_m,0.10979616217823157
2020-03-11,BTC,r_lag1,0.12006524155326004
2020-03-11,BTC,r2_lag1,0.11520609040506283
2020-03-11,BTC,r2_w,0.16433530068980515
2020-03-11,BTC,r2_m,0.14404959120142385
2020-03-11,BTC,down2_lag1,0.030293973123560802
2020-03-11,BTC,log_rv_lag1,0.1310548150386555
2020-03-11,BTC,log_rv_w,0.16999316448333446
2020-03-11,BTC,log_rv_m,0.12500182350489733
2020-03-31,BTC,r_lag1,0.1418870156058812
2020-03-31,BTC,r2_lag1,0.0986137795122681
2020-03-31,BTC,r2_w,0.15016747784889553
2020-03-31,BTC,r2_m,0.07718743418272235
2020-03-31,BTC,down2_lag1,0.06245393266375176
2020-03-31,BTC,log_rv_lag1,0.17687232791786037
2020-03-31,BTC,log_rv_w,0.15965538352321818
2020-03-31,BTC,log_rv_m,0.13316264874540246
2020-04-20,BTC,r_lag1,0.13891900839304155
2020-04-20,BTC,r2_lag1,0.09542983220463062
2020-04-20,BTC,r2_w,0.16507488619709393
2020-04-20,BTC,r2_m,0.08648109364333394
2020-04-20,BTC,down2_lag1,0.05108767056056183
2020-04-20,BTC,log_rv_lag1,0.1915866813277356
2020-04-20,BTC,log_rv_w,0.15585105017740783
2020-04-20,BTC,log_rv_m,0.11556977749619468
2020-05-10,BTC,r_lag1,0.1452125779074381
2020-05-10,BTC,r2_lag1,0.09411770437842727
2020-05-10,BTC,r2_w,0.20308272584097972
2020-05-10,BTC,r2_m,0.06969868627206259
2020-05-10,BTC,down2_lag1,0.047796103901502414
2020-05-10,BTC,log_rv_lag1,0.1832711162495451
2020-05-10,BTC,log_rv_w,0.15774737357058352
2020-05-10,BTC,log_rv_m,0.09907371187946121
2020-05-30,BTC,r_lag1,0.15774789453313207
2020-05-30,BTC,r2_lag1,0.09408921812749853
2020-05-30,BTC,r2_w,0.1785358834605041
2020-05-30,BTC,r2_m,0.07590070454581473
2020-05-30,BTC,down2_lag1,0.0458305652971253
2020-05-30,BTC,log_rv_lag1,0.20593111599733277
2020-05-30,BTC,log_rv_w,0.14598849909673992
2020-05-30,BTC,log_rv_m,0.09597611894185266
2020-06-19,BTC,r_lag1,0.13472006159357827
2020-06-19,BTC,r2_lag1,0.10857386748809192
2020-06-19,BTC,r2_w,0.15629306946024155
2020-06-19,BTC,r2_m,0.07278403605500908
2020-06-19,BTC,down2_lag1,0.0552004909629366
2020-06-19,BTC,log_rv_lag1,0.21257117933853967
2020-06-19,BTC,log_rv_w,0.15433442124601446
2020-06-19,BTC,log_rv_m,0.10552287385558858
2020-07-09,BTC,r_lag1,0.13749374906828993
2020-07-09,BTC,r2_lag1,0.09715953713211341
2020-07-09,BTC,r2_w,0.18777548033408573
2020-07-09,BTC,r2_m,0.06739134276611236
2020-07-09,BTC,down2_lag1,0.059237598538312224
2020-07-09,BTC,log_rv_lag1,0.17942180961949472
2020-07-09,BTC,log_rv_w,0.17362030468201278
2020-07-09,BTC,log_rv_m,0.09790017785957895
2020-07-29,BTC,r_lag1,0.16486962356609347
2020-07-29,BTC,r2_lag1,0.11969460992772857
2020-07-29,BTC,r2_w,0.1557460355297774
2020-07-29,BTC,r2_m,0.06853037121589646
2020-07-29,BTC,down2_lag1,0.05654231793587429
2020-07-29,BTC,log_rv_lag1,0.19802199400427267
2020-07-29,BTC,log_rv_w,0.1412540567204939
2020-07-29,BTC,log_rv_m,0.09534099109986331
2020-08-18,BTC,r_lag1,0.1504227855114317
2020-08-18,BTC,r2_lag1,0.1054366232835949
2020-08-18,BTC,r2_w,0.15783290370934872
2020-08-18,BTC,r2_m,0.055677868752262875
2020-08-18,BTC,down2_lag1,0.05311331412652897
2020-08-18,BTC,log_rv_lag1,0.2294165630176295
2020-08-18,BTC,log_rv_w,0.1539631441150488
2020-08-18,BTC,log_rv_m,0.09413679748415446
2020-09-07,BTC,r_lag1,0.1500091580588729
2020-09-07,BTC,r2_lag1,0.11162446698474554
2020-09-07,BTC,r2_w,0.14218445957054426
2020-09-07,BTC,r2_m,0.11494753626880808
2020-09-07,BTC,down2_lag1,0.052306711797450965
2020-09-07,BTC,log_rv_lag1,0.17800136363986324
2020-09-07,BTC,log_rv_w,0.14746443432847953
2020-09-07,BTC,log_rv_m,0.1034618693512354
2020-09-27,BTC,r_lag1,0.16542733591910924
2020-09-27,BTC,r2_lag1,0.10538224875629534
2020-09-27,BTC,r2_w,0.17186107065008127
2020-09-27,BTC,r2_m,0.08604293274712677
2020-09-27,BTC,down2_lag1,0.056881161154103584
2020-09-27,BTC,log_rv_lag1,0.19385747491998603
2020-09-27,BTC,log_rv_w,0.1028781809275981
2020-09-27,BTC,log_rv_m,0.11766959492569962
2020-10-17,BTC,r_lag1,0.15720782575988557
2020-10-17,BTC,r2_lag1,0.12372128299519633
2020-10-17,BTC,r2_w,0.10896763756361563
2020-10-17,BTC,r2_m,0.08861063607461096
2020-10-17,BTC,down2_lag1,0.05408262203513241
2020-10-17,BTC,log_rv_lag1,0.25104438849002264
2020-10-17,BTC,log_rv_w,0.10711613889665843
2020-10-17,BTC,log_rv_m,0.10924946818487809
2020-11-06,BTC,r_lag1,0.10561092932678476
2020-11-06,BTC,r2_lag1,0.12026729996818059
2020-11-06,BTC,r2_w,0.1375317457958238
2020-11-06,BTC,r2_m,0.11193854359161591
2020-11-06,BTC,down2_lag1,0.04549137394441552
2020-11-06,BTC,log_rv_lag1,0.23702219740365
2020-11-06,BTC,log_rv_w,0.10444905451775512
2020-11-06,BTC,log_rv_m,0.13768885545177417
2020-11-26,BTC,r_lag1,0.13205340446742006
2020-11-26,BTC,r2_lag1,0.14668424263424942
2020-11-26,BTC,r2_w,0.12789074678159149
2020-11-26,BTC,r2_m,0.11152468178525661
2020-11-26,BTC,down2_lag1,0.059320362008324586
2020-11-26,BTC,log_rv_lag1,0.16745652701273686
2020-11-26,BTC,log_rv_w,0.12358505950088608
2020-11-26,BTC,log_rv_m,0.1314849758095348
2020-12-16,BTC,r_lag1,0.14318001605432373
2020-12-16,BTC,r2_lag1,0.09624533330746862
2020-12-16,BTC,r2_w,0.0932365701085587
2020-12-16,BTC,r2_m,0.10471475552541216
2020-12-16,BTC,down2_lag1,0.05048443164228975
2020-12-16,BTC,log_rv_lag1,0.2275056546007966
2020-12-16,BTC,log_rv_w,0.13422648488509442
2020-12-16,BTC,log_rv_m,0.15040675387605598
2021-01-05,BTC,r_lag1,0.15168513308782847
2021-01-05,BTC,r2_lag1,0.11502554745435553
2021-01-05,BTC,r2_w,0.12698320893340534
2021-01-05,BTC,r2_m,0.09628491750329918
2021-01-05,BTC,down2_lag1,0.04463365691551236
2021-01-05,BTC,log_rv_lag1,0.13347707179157905
2021-01-05,BTC,log_rv_w,0.14607709406852717
2021-01-05,BTC,log_rv_m,0.1858333702454929
2021-01-25,BTC,r_lag1,0.12234314456216476
2021-01-25,BTC,r2_lag1,0.12075352463364517
2021-01-25,BTC,r2_w,0.09218631348546819
2021-01-25,BTC,r2_m,0.092793040771299
2021-01-25,BTC,down2_lag1,0.05616574524669682
2021-01-25,BTC,log_rv_lag1,0.23313122605531578
2021-01-25,BTC,log_rv_w,0.1384064874595494
2021-01-25,BTC,log_rv_m,0.14422051778586098
2021-02-14,BTC,r_lag1,0.11010194599968041
2021-02-14,BTC,r2_lag1,0.09453004926570813
2021-02-14,BTC,r2_w,0.12733100995996238
2021-02-14,BTC,r2_m,0.10610332692582393
2021-02-14,BTC,down2_lag1,0.04343570861854602
2021-02-14,BTC,log_rv_lag1,0.1711075928987594
2021-02-14,BTC,log_rv_w,0.18260307544963397
2021-02-14,BTC,log_rv_m,0.16478729088188565
2021-03-06,BTC,r_lag1,0.14333710046220507
2021-03-06,BTC,r2_lag1,0.10146360058202893
2021-03-06,BTC,r2_w,0.13442572360860228
2021-03-06,BTC,r2_m,0.10709985317465844
2021-03-06,BTC,down2_lag1,0.03319721393955204
2021-03-06,BTC,log_rv_lag1,0.1520950690948949
2021-03-06,BTC,log_rv_w,0.18205559783751185
2021-03-06,BTC,log_rv_m,0.14632584130054657
2021-03-26,BTC,r_lag1,0.12937086909583376
2021-03-26,BTC,r2_lag1,0.09406693265768311
2021-03-26,BTC,r2_w,0.15413782420934496
2021-03-26,BTC,r2_m,0.10714997971485166
2021-03-26,BTC,down2_lag1,0.03335248305675174
2021-03-26,BTC,log_rv_lag1,0.15759473455148573
2021-03-26,BTC,log_rv_w,0.19373336259451193
2021-03-26,BTC,log_rv_m,0.13059381411953722
2021-04-15,BTC,r_lag1,0.15091749115369896
2021-04-15,BTC,r2_lag1,0.10204407939088524
2021-04-15,BTC,r2_w,0.15282943450907244
2021-04-15,BTC,r2_m,0.12788629060161172
2021-04-15,BTC,down2_lag1,0.039457381970755566
2021-04-15,BTC,log_rv_lag1,0.12220532642008926
2021-04-15,BTC,log_rv_w,0.16896363537506212
2021-04-15,BTC,log_rv_m,0.13569636057882467
2021-05-05,BTC,r_lag1,0.15513666167450088
2021-05-05,BTC,r2_lag1,0.11041428023463352
2021-05-05,BTC,r2_w,0.15817054036857772
2021-05-05,BTC,r2_m,0.11939530665770332
2021-05-05,BTC,down2_lag1,0.04169849204613801
2021-05-05,BTC,log_rv_lag1,0.10971339645329534
2021-05-05,BTC,log_rv_w,0.16863922492811725
2021-05-05,BTC,log_rv_m,0.13683209763703408
2021-05-25,BTC,r_lag1,0.12678915274062208
2021-05-25,BTC,r2_lag1,0.11078763136019852
2021-05-25,BTC,r2_w,0.15832234733476433
2021-05-25,BTC,r2_m,0.13974531931094508
2021-05-25,BTC,down2_lag1,0.04317550276609412
2021-05-25,BTC,log_rv_lag1,0.11283577980276177
2021-05-25,BTC,log_rv_w,0.16471832017358712
2021-05-25,BTC,log_rv_m,0.14362594651102703
2021-06-14,BTC,r_lag1,0.13890854507566078
2021-06-14,BTC,r2_lag1,0.10351435368653308
2021-06-14,BTC,r2_w,0.13282254593346218
2021-06-14,BTC,r2_m,0.13547967762240395
2021-06-14,BTC,down2_lag1,0.0502109435780141
2021-06-14,BTC,log_rv_lag1,0.12180441262122074
2021-06-14,BTC,log_rv_w,0.15285640251780347
2021-06-14,BTC,log_rv_m,0.1644031189649017
2021-07-04,BTC,r_lag1,0.12745426777014746
2021-07-04,BTC,r2_lag1,0.10237662845941946
2021-07-04,BTC,r2_w,0.14201473078558494
2021-07-04,BTC,r2_m,0.12712332382492647
2021-07-04,BTC,down2_lag1,0.039344945949743436
2021-07-04,BTC,log_rv_lag1,0.10268173776159688
2021-07-04,BTC,log_rv_w,0.15392138695528532
2021-07-04,BTC,log_rv_m,0.20508297849329615
2021-07-24,BTC,r_lag1,0.10372665047126008
2021-07-24,BTC,r2_lag1,0.10675785912413842
2021-07-24,BTC,r2_w,0.13399028021134388
2021-07-24,BTC,r2_m,0.12140223815348851
2021-07-24,BTC,down2_lag1,0.0426275118024605
2021-07-24,BTC,log_rv_lag1,0.11181526844078685
2021-07-24,BTC,log_rv_w,0.14971321796644813
2021-07-24,BTC,log_rv_m,0.2299669738300737
2021-08-13,BTC,r_lag1,0.08624290202519155
2021-08-13,BTC,r2_lag1,0.12586297575289948
2021-08-13,BTC,r2_w,0.1279625952875633
2021-08-13,BTC,r2_m,0.11113729220718838
2021-08-13,BTC,down2_lag1,0.029513014864455074
2021-08-13,BTC,log_rv_lag1,0.13515214227078826
2021-08-13,BTC,log_rv_w,0.13982947219567257
2021-08-13,BTC,log_rv_m,0.24429960539624151
2021-09-02,BTC,r_lag1,0.11194980657704356
2021-09-02,BTC,r2_lag1,0.10978205585184915
2021-09-02,BTC,r2_w,0.12127117125908198
2021-09-02,BTC,r2_m,0.132957346418932
2021-09-02,BTC,down2_lag1,0.04189214952666348
2021-09-02,BTC,log_rv_lag1,0.13254561057251457
2021-09-02,BTC,log_rv_w,0.1406639315902653
2021-09-02,BTC,log_rv_m,0.20893792820364998
2021-09-22,BTC,r_lag1,0.10676850936917863
2021-09-22,BTC,r2_lag1,0.12362103258248568
2021-09-22,BTC,r2_w,0.1289219741292431
2021-09-22,BTC,r2_m,0.13854446730949524
2021-09-22,BTC,down2_lag1,0.04352372145048574
2021-09-22,BTC,log_rv_lag1,0.14493178780758642
2021-09-22,BTC,log_rv_w,0.12385470774859265
2021-09-22,BTC,log_rv_m,0.1898337996029324
2021-10-12,BTC,r_lag1,0.07504961093429822
2021-10-12,BTC,r2_lag1,0.13380390596063085
2021-10-12,BTC,r2_w,0.1620338555449904
2021-10-12,BTC,r2_m,0.13044189420604416
2021-10-12,BTC,down2_lag1,0.026974574643315815
2021-10-12,BTC,log_rv_lag1,0.12376937394587674
2021-10-12,BTC,log_rv_w,0.12854943612354772
2021-10-12,BTC,log_rv_m,0.2193773486412959
2021-11-01,BTC,r_lag1,0.08031213841435374
2021-11-01,BTC,r2_lag1,0.10937030828659455
2021-11-01,BTC,r2_w,0.1421264950781265
2021-11-01,BTC,r2_m,0.10245766064522158
2021-11-01,BTC,down2_lag1,0.04203202820652115
2021-11-01,BTC,log_rv_lag1,0.13902322214963989
2021-11-01,BTC,log_rv_w,0.12816483145424595
2021-11-01,BTC,log_rv_m,0.25651331576529673
2021-11-21,BTC,r_lag1,0.090801758249329
2021-11-21,BTC,r2_lag1,0.10716636770763104
2021-11-21,BTC,r2_w,0.1449092250448719
2021-11-21,BTC,r2_m,0.11185213877901458
2021-11-21,BTC,down2_lag1,0.04378007911430131
2021-11-21,BTC,log_rv_lag1,0.14508960243071936
2021-11-21,BTC,log_rv_w,0.14186665452372071
2021-11-21,BTC,log_rv_m,0.2145341741504121
2021-12-11,BTC,r_lag1,0.09220093968270889
2021-12-11,BTC,r2_lag1,0.11073523693012013
2021-12-11,BTC,r2_w,0.14797565468979706
2021-12-11,BTC,r2_m,0.11961510328498509
2021-12-11,BTC,down2_lag1,0.05427084715690544
2021-12-11,BTC,log_rv_lag1,0.15605263061843025
2021-12-11,BTC,log_rv_w,0.11479453424546557
2021-12-11,BTC,log_rv_m,0.20435505339158747
2021-12-31,BTC,r_lag1,0.09193600645624311
2021-12-31,BTC,r2_lag1,0.1390142427499506
2021-12-31,BTC,r2_w,0.1367068628728266
2021-12-31,BTC,r2_m,0.12670853683374497
2021-12-31,BTC,down2_lag1,0.05241814898985497
2021-12-31,BTC,log_rv_lag1,0.14143560657232399
2021-12-31,BTC,log_rv_w,0.11680465930702093
2021-12-31,BTC,log_rv_m,0.19497593621803488
2022-01-20,BTC,r_lag1,0.08974564109177352
2022-01-20,BTC,r2_lag1,0.1355078910667634
2022-01-20,BTC,r2_w,0.16602207797215232
2022-01-20,BTC,r2_m,0.10654693496435538
2022-01-20,BTC,down2_lag1,0.035748822303525336
2022-01-20,BTC,log_rv_lag1,0.1511323136009214
2022-01-20,BTC,log_rv_w,0.10876809312582132
2022-01-20,BTC,log_rv_m,0.20652822587468733
2022-02-09,BTC,r_lag1,0.0992503607694989
2022-02-09,BTC,r2_lag1,0.10356768686751243
2022-02-09,BTC,r2_w,0.1633376635804386
2022-02-09,BTC,r2_m,0.12651712970364598
2022-02-09,BTC,down2_lag1,0.04399771443101994
2022-02-09,BTC,log_rv_lag1,0.139545610967792
2022-02-09,BTC,log_rv_w,0.11229167215195124
2022-02-09,BTC,log_rv_m,0.21149216152814088
2022-03-01,BTC,r_lag1,0.0746049691374974
2022-03-01,BTC,r2_lag1,0.11512617838227364
2022-03-01,BTC,r2_w,0.15681630609657554
2022-03-01,BTC,r2_m,0.12771920022296146
2022-03-01,BTC,down2_lag1,0.039550834353202974
2022-03-01,BTC,log_rv_lag1,0.1339765811318774
2022-03-01,BTC,log_rv_w,0.11092046798725656
2022-03-01,BTC,log_rv_m,0.24128546268835496
2022-03-21,BTC,r_lag1,0.07560432765152135
2022-03-21,BTC,r2_lag1,0.08981537914365749
2022-03-21,BTC,r2_w,0.17339144869469414
2022-03-21,BTC,r2_m,0.10586613805620472
2022-03-21,BTC,down2_lag1,0.027640716685619224
2022-03-21,BTC,log_rv_lag1,0.15782454530504966
2022-03-21,BTC,log_rv_w,0.12195776619148421
2022-03-21,BTC,log_rv_m,0.2478996782717692
2022-04-10,BTC,r_lag1,0.07676605834096761
2022-04-10,BTC,r2_lag1,0.0845007515319114
2022-04-10,BTC,r2_w,0.14925241771221523
2022-04-10,BTC,r2_m,0.11079993393351102
2022-04-10,BTC,down2_lag1,0.031464697815863425
2022-04-10,BTC,log_rv_lag1,0.19410799080144667
2022-04-10,BTC,log_rv_w,0.1370779260405822
2022-04-10,BTC,log_rv_m,0.21603022382350254
2022-04-30,BTC,r_lag1,0.06610716772205119
2022-04-30,BTC,r2_lag1,0.09164978705476107
2022-04-30,BTC,r2_w,0.14857681143157628
2022-04-30,BTC,r2_m,0.11139512283252564
2022-04-30,BTC,down2_lag1,0.03843493502088161
2022-04-30,BTC,log_rv_lag1,0.1744265346845239
2022-04-30,BTC,log_rv_w,0.14088983834881919
2022-04-30,BTC,log_rv_m,0.22851980290486115
2022-05-20,BTC,r_lag1,0.06338915462541797
2022-05-20,BTC,r2_lag1,0.07795563306103173
2022-05-20,BTC,r2_w,0.1343527692308812
2022-05-20,BTC,r2_m,0.09564183827441203
2022-05-20,BTC,down2_lag1,0.03351700413132582
2022-05-20,BTC,log_rv_lag1,0.16216351685850067
2022-05-20,BTC,log_rv_w,0.1350163590230628
2022-05-20,BTC,log_rv_m,0.2979637247953678
2022-06-09,BTC,r_lag1,0.06746453751751283
2022-06-09,BTC,r2_lag1,0.09696890415030779
2022-06-09,BTC,r2_w,0.13101320982810316
2022-06-09,BTC,r2_m,0.1283424012581665
2022-06-09,BTC,down2_lag1,0.036579865889886425
2022-06-09,BTC,log_rv_lag1,0.15113368152564313
2022-06-09,BTC,log_rv_w,0.11611411865831318
2022-06-09,BTC,log_rv_m,0.27238328117206706
2022-06-29,BTC,r_lag1,0.0906145055449969
2022-06-29,BTC,r2_lag1,0.10603068382114493
2022-06-29,BTC,r2_w,0.08599517456446706
2022-06-29,BTC,r2_m,0.09329534473191368
2022-06-29,BTC,down2_lag1,0.03413511280490812
2022-06-29,BTC,log_rv_lag1,0.15756177744949673
2022-06-29,BTC,log_rv_w,0.11880248059300659
2022-06-29,BTC,log_rv_m,0.313564920490066
2022-07-19,BTC,r_lag1,0.07836896179345024
2022-07-19,BTC,r2_lag1,0.11565778569101051
2022-07-19,BTC,r2_w,0.09007547568747189
2022-07-19,BTC,r2_m,0.0922003629087555
2022-07-19,BTC,down2_lag1,0.04518855578423685
2022-07-19,BTC,log_rv_lag1,0.14958501576320662
2022-07-19,BTC,log_rv_w,0.16191927165638995
2022-07-19,BTC,log_rv_m,0.26700457071547845
2022-08-08,BTC,r_lag1,0.07461474358458874
2022-08-08,BTC,r2_lag1,0.12047750652059747
2022-08-08,BTC,r2_w,0.09177348278973531
2022-08-08,BTC,r2_m,0.09551437202348392
2022-08-08,BTC,down2_lag1,0.04181676862551277
2022-08-08,BTC,log_rv_lag1,0.14207637897915162
2022-08-08,BTC,log_rv_w,0.16925829300098877
2022-08-08,BTC,log_rv_m,0.2644684544759415
2022-08-28,BTC,r_lag1,0.05654094159130194
2022-08-28,BTC,r2_lag1,0.09898945847302713
2022-08-28,BTC,r2_w,0.09463572533907298
2022-08-28,BTC,r2_m,0.11560478037996863
2022-08-28,BTC,down2_lag1,0.039803971590820726
2022-08-28,BTC,log_rv_lag1,0.13459631827051866
2022-08-28,BTC,log_rv_w,0.161556988716759
2022-08-28,BTC,log_rv_m,0.29827181563853095
2022-09-17,BTC,r_lag1,0.055535066103971464
2022-09-17,BTC,r2_lag1,0.07644978839707078
2022-09-17,BTC,r2_w,0.12715348245249292
2022-09-17,BTC,r2_m,0.126156225479894
2022-09-17,BTC,down2_lag1,0.019225410981353316
2022-09-17,BTC,log_rv_lag1,0.17913758568445678
2022-09-17,BTC,log_rv_w,0.16442032614586977
2022-09-17,BTC,log_rv_m,0.251922114754891
2022-10-07,BTC,r_lag1,0.07039826452303913
2022-10-07,BTC,r2_lag1,0.07178849707968776
2022-10-07,BTC,r2_w,0.10116258261989457
2022-10-07,BTC,r2_m,0.1593441097282283
2022-10-07,BTC,down2_lag1,0.02039570274969544
2022-10-07,BTC,log_rv_lag1,0.1561017654749545
2022-10-07,BTC,log_rv_w,0.1464791804597809
2022-10-07,BTC,log_rv_m,0.27432989736471947
2022-10-27,BTC,r_lag1,0.05451372475322946
2022-10-27,BTC,r2_lag1,0.0884685166674944
2022-10-27,BTC,r2_w,0.08643825124264297
2022-10-27,BTC,r2_m,0.131337867859191
2022-10-27,BTC,down2_lag1,0.02254777373945498
2022-10-27,BTC,log_rv_lag1,0.1235178148604545
2022-10-27,BTC,log_rv_w,0.1967583135191068
2022-10-27,BTC,log_rv_m,0.29641773735842597
2022-11-16,BTC,r_lag1,0.07253722203562603
2022-11-16,BTC,r2_lag1,0.08306774472152352
2022-11-16,BTC,r2_w,0.09218717707504731
2022-11-16,BTC,r2_m,0.09437209783863428
2022-11-16,BTC,down2_lag1,0.02996709572736744
2022-11-16,BTC,log_rv_lag1,0.13946264016356327
2022-11-16,BTC,log_rv_w,0.21176248974571707
2022-11-16,BTC,log_rv_m,0.27664353269252095
2022-12-06,BTC,r_lag1,0.06123806580408098
2022-12-06,BTC,r2_lag1,0.08688489826428564
2022-12-06,BTC,r2_w,0.10177956605494519
2022-12-06,BTC,r2_m,0.12459501536688038
2022-12-06,BTC,down2_lag1,0.026741751777387194
2022-12-06,BTC,log_rv_lag1,0.10847573008362676
2022-12-06,BTC,log_rv_w,0.261087771778622
2022-12-06,BTC,log_rv_m,0.22919720087017173
2022-12-26,BTC,r_lag1,0.06268170847823497
2022-12-26,BTC,r2_lag1,0.09840498440450875
2022-12-26,BTC,r2_w,0.0626175365372782
2022-12-26,BTC,r2_m,0.12201465587077084
2022-12-26,BTC,down2_lag1,0.026132190047750865
2022-12-26,BTC,log_rv_lag1,0.1280830553520717
2022-12-26,BTC,log_rv_w,0.2565340857261389
2022-12-26,BTC,log_rv_m,0.24353178358324587
2023-01-15,BTC,r_lag1,0.08203734325383151
2023-01-15,BTC,r2_lag1,0.09208622809073326
2023-01-15,BTC,r2_w,0.07823592950094913
2023-01-15,BTC,r2_m,0.1315484600638857
2023-01-15,BTC,down2_lag1,0.027640849045137417
2023-01-15,BTC,log_rv_lag1,0.10328169918547264
2023-01-15,BTC,log_rv_w,0.2695607045877132
2023-01-15,BTC,log_rv_m,0.21560878627227717
2023-02-04,BTC,r_lag1,0.09249067721092999
2023-02-04,BTC,r2_lag1,0.08769530821648003
2023-02-04,BTC,r2_w,0.08811551916406322
2023-02-04,BTC,r2_m,0.1363230172418212
2023-02-04,BTC,down2_lag1,0.0257135064731205
2023-02-04,BTC,log_rv_lag1,0.1468858028549898
2023-02-04,BTC,log_rv_w,0.2088413270151327
2023-02-04,BTC,log_rv_m,0.21393484182346262
2023-02-24,BTC,r_lag1,0.09546303551912697
2023-02-24,BTC,r2_lag1,0.09041975087258168
2023-02-24,BTC,r2_w,0.10243548890795667
2023-02-24,BTC,r2_m,0.11126148026523495
2023-02-24,BTC,down2_lag1,0.04578157763668595
2023-02-24,BTC,log_rv_lag1,0.13323697262422546
2023-02-24,BTC,log_rv_w,0.18847323382753153
2023-02-24,BTC,log_rv_m,0.2329284603466568
2023-03-16,BTC,r_lag1,0.09291014494000768
2023-03-16,BTC,r2_lag1,0.12042758996753752
2023-03-16,BTC,r2_w,0.11337329143007771
2023-03-16,BTC,r2_m,0.12320736190705539
2023-03-16,BTC,down2_lag1,0.03916096289535906
2023-03-16,BTC,log_rv_lag1,0.14596254638236256
2023-03-16,BTC,log_rv_w,0.16143810554339777
2023-03-16,BTC,log_rv_m,0.20351999693420236
2023-04-05,BTC,r_lag1,0.1072841152329791
2023-04-05,BTC,r2_lag1,0.1227735905874318
2023-04-05,BTC,r2_w,0.13075191788376356
2023-04-05,BTC,r2_m,0.12847725069170016
2023-04-05,BTC,down2_lag1,0.03777122986865797
2023-04-05,BTC,log_rv_lag1,0.12038145552289244
2023-04-05,BTC,log_rv_w,0.1435271077473039
2023-04-05,BTC,log_rv_m,0.20903333246527098
2023-04-25,BTC,r_lag1,0.11432315012438243
2023-04-25,BTC,r2_lag1,0.125028947593496
2023-04-25,BTC,r2_w,0.12370171865540482
2023-04-25,BTC,r2_m,0.11221362462096755
2023-04-25,BTC,down2_lag1,0.05206504908643231
2023-04-25,BTC,log_rv_lag1,0.12329683709275056
2023-04-25,BTC,log_rv_w,0.17659496017510873
2023-04-25,BTC,log_rv_m,0.17277571265145764
2023-05-15,BTC,r_lag1,0.12032767196417204
2023-05-15,BTC,r2_lag1,0.12392505464454473
2023-05-15,BTC,r2_w,0.12730296498506366
2023-05-15,BTC,r2_m,0.0900896534098725
2023-05-15,BTC,down2_lag1,0.0403063135330299
2023-05-15,BTC,log_rv_lag1,0.15171065920346133
2023-05-15,BTC,log_rv_w,0.1794340899414119
2023-05-15,BTC,log_rv_m,0.16690359231844393
2023-06-04,BTC,r_lag1,0.12132107797462063
2023-06-04,BTC,r2_lag1,0.11362347238000992
2023-06-04,BTC,r2_w,0.1445806763969912
2023-06-04,BTC,r2_m,0.11704453622093344
2023-06-04,BTC,down2_lag1,0.0420180840134087
2023-06-04,BTC,log_rv_lag1,0.13695449350665825
2023-06-04,BTC,log_rv_w,0.1746977943375165
2023-06-04,BTC,log_rv_m,0.14975986516986142
2023-06-24,BTC,r_lag1,0.11180194784871954
2023-06-24,BTC,r2_lag1,0.1516348401206897
2023-06-24,BTC,r2_w,0.1345004077367509
2023-06-24,BTC,r2_m,0.11482550430921248
2023-06-24,BTC,down2_lag1,0.025510771184409857
2023-06-24,BTC,log_rv_lag1,0.12382107943791598
2023-06-24,BTC,log_rv_w,0.16656424438942796
2023-06-24,BTC,log_rv_m,0.17134120497287372
2023-07-14,BTC,r_lag1,0.11687220170201763
2023-07-14,BTC,r2_lag1,0.14125725069622472
2023-07-14,BTC,r2_w,0.13106974299469615
2023-07-14,BTC,r2_m,0.12939716305108856
2023-07-14,BTC,down2_lag1,0.04568254087839405
2023-07-14,BTC,log_rv_lag1,0.11128755455090217
2023-07-14,BTC,log_rv_w,0.14411928253253803
2023-07-14,BTC,log_rv_m,0.18031426359413869
2023-08-03,BTC,r_lag1,0.12877407274893649
2023-08-03,BTC,r2_lag1,0.1523795907520475
2023-08-03,BTC,r2_w,0.13361138824109564
2023-08-03,BTC,r2_m,0.15063205138980668
2023-08-03,BTC,down2_lag1,0.03794869472241354
2023-08-03,BTC,log_rv_lag1,0.1211873262036678
2023-08-03,BTC,log_rv_w,0.12048544724398252
2023-08-03,BTC,log_rv_m,0.15498142869804982
2023-08-23,BTC,r_lag1,0.1311885793417381
2023-08-23,BTC,r2_lag1,0.16083093336467325
2023-08-23,BTC,r2_w,0.11145124914387654
2023-08-23,BTC,r2_m,0.128822322919657
2023-08-23,BTC,down2_lag1,0.04192084900648603
2023-08-23,BTC,log_rv_lag1,0.14772533444854385
2023-08-23,BTC,log_rv_w,0.13551439538258975
2023-08-23,BTC,log_rv_m,0.14254633639243566
2023-09-12,BTC,r_lag1,0.13800593861745322
2023-09-12,BTC,r2_lag1,0.16239409450099976
2023-09-12,BTC,r2_w,0.1305363080853368
2023-09-12,BTC,r2_m,0.10861190618642373
2023-09-12,BTC,down2_lag1,0.036235474987766844
2023-09-12,BTC,log_rv_lag1,0.14710908713389512
2023-09-12,BTC,log_rv_w,0.1277573667360741
2023-09-12,BTC,log_rv_m,0.14934982375205047
2023-10-02,BTC,r_lag1,0.1368448493761659
2023-10-02,BTC,r2_lag1,0.15201579500325713
2023-10-02,BTC,r2_w,0.12242945246843982
2023-10-02,BTC,r2_m,0.09301047139102252
2023-10-02,BTC,down2_lag1,0.04437519567991841
2023-10-02,BTC,log_rv_lag1,0.18812016358934794
2023-10-02,BTC,log_rv_w,0.12443502241265911
2023-10-02,BTC,log_rv_m,0.13876905007918913
2023-10-22,BTC,r_lag1,0.12923187224531751
2023-10-22,BTC,r2_lag1,0.16033978597945456
2023-10-22,BTC,r2_w,0.11894685001318614
2023-10-22,BTC,r2_m,0.12673519291575588
2023-10-22,BTC,down2_lag1,0.03170099415589005
2023-10-22,BTC,log_rv_lag1,0.17316959260921902
2023-10-22,BTC,log_rv_w,0.13553703790309285
2023-10-22,BTC,log_rv_m,0.124338674178084
2023-11-11,BTC,r_lag1,0.14829351020938783
2023-11-11,BTC,r2_lag1,0.1289100318004963
2023-11-11,BTC,r2_w,0.12828173009167046
2023-11-11,BTC,r2_m,0.12335412399127628
2023-11-11,BTC,down2_lag1,0.03968108476032204
2023-11-11,BTC,log_rv_lag1,0.1486325572137691
2023-11-11,BTC,log_rv_w,0.12236507527064978
2023-11-11,BTC,log_rv_m,0.16048188666242832
2023-12-01,BTC,r_lag1,0.12970840470612613
2023-12-01,BTC,r2_lag1,0.12215130684336886
2023-12-01,BTC,r2_w,0.13075156143038805
2023-12-01,BTC,r2_m,0.1084720836630539
2023-12-01,BTC,down2_lag1,0.04111468060610024
2023-12-01,BTC,log_rv_lag1,0.17873824888272963
2023-12-01,BTC,log_rv_w,0.14007336048128546
2023-12-01,BTC,log_rv_m,0.14899035338694774
2023-12-21,BTC,r_lag1,0.13851732034393863
2023-12-21,BTC,r2_lag1,0.12251267837318976
2023-12-21,BTC,r2_w,0.14267839373885172
2023-12-21,BTC,r2_m,0.10796915038389417
2023-12-21,BTC,down2_lag1,0.0443929261160258
2023-12-21,BTC,log_rv_lag1,0.19395879662675763
2023-12-21,BTC,log_rv_w,0.126258123610257
2023-12-21,BTC,log_rv_m,0.12371261080708534
2024-01-10,BTC,r_lag1,0.11801292469597943
2024-01-10,BTC,r2_lag1,0.12367347273805196
2024-01-10,BTC,r2_w,0.15006531208241936
2024-01-10,BTC,r2_m,0.1066929389743535
2024-01-10,BTC,down2_lag1,0.04017930534872948
2024-01-10,BTC,log_rv_lag1,0.16780527240302792
2024-01-10,BTC,log_rv_w,0.1368199247668725
2024-01-10,BTC,log_rv_m,0.1567508489905659
2024-01-30,BTC,r_lag1,0.11167114681854569
2024-01-30,BTC,r2_lag1,0.13061416148785876
2024-01-30,BTC,r2_w,0.13654124742867135
2024-01-30,BTC,r2_m,0.11192256296026767
2024-01-30,BTC,down2_lag1,0.043025953015931664
2024-01-30,BTC,log_rv_lag1,0.1737860796405476
2024-01-30,BTC,log_rv_w,0.12925430109252067
2024-01-30,BTC,log_rv_m,0.16318454755565667
2024-02-19,BTC,r_lag1,0.11491376750747209
2024-02-19,BTC,r2_lag1,0.1156432923153327
2024-02-19,BTC,r2_w,0.12168494047515367
2024-02-19,BTC,r2_m,0.11548248529579856
2024-02-19,BTC,down2_lag1,0.04762765835022455
2024-02-19,BTC,log_rv_lag1,0.18611528093553414
2024-02-19,BTC,log_rv_w,0.13235279045664958
2024-02-19,BTC,log_rv_m,0.16617978466383473
2024-03-10,BTC,r_lag1,0.11264649920913382
2024-03-10,BTC,r2_lag1,0.11039725306927962
2024-03-10,BTC,r2_w,0.16671539501999283
2024-03-10,BTC,r2_m,0.13039985912808652
2024-03-10,BTC,down2_lag1,0.02173308800143391
2024-03-10,BTC,log_rv_lag1,0.18096306428820752
2024-03-10,BTC,log_rv_w,0.11107110612170955
2024-03-10,BTC,log_rv_m,0.16607373516215612
2024-03-30,BTC,r_lag1,0.11580082521129005
2024-03-30,BTC,r2_lag1,0.14186846923855392
2024-03-30,BTC,r2_w,0.18264445979572336
2024-03-30,BTC,r2_m,0.11563503793062349
2024-03-30,BTC,down2_lag1,0.025684275444117978
2024-03-30,BTC,log_rv_lag1,0.12848290422670064
2024-03-30,BTC,log_rv_w,0.11962203933838532
2024-03-30,BTC,log_rv_m,0.17026198881460516
2024-04-19,BTC,r_lag1,0.11622736717920784
2024-04-19,BTC,r2_lag1,0.12973001572690218
2024-04-19,BTC,r2_w,0.18769710152158384
2024-04-19,BTC,r2_m,0.13383227771433928
2024-04-19,BTC,down2_lag1,0.03380676560850419
2024-04-19,BTC,log_rv_lag1,0.11552780273474855
2024-04-19,BTC,log_rv_w,0.11162912338428778
2024-04-19,BTC,log_rv_m,0.17154954613042647
2024-05-09,BTC,r_lag1,0.11865037742152638
2024-05-09,BTC,r2_lag1,0.10675423278741081
2024-05-09,BTC,r2_w,0.22848711574720237
2024-05-09,BTC,r2_m,0.1240462658921828
2024-05-09,BTC,down2_lag1,0.03172159330946551
2024-05-09,BTC,log_rv_lag1,0.11309839606999962
2024-05-09,BTC,log_rv_w,0.11553053491853289
2024-05-09,BTC,log_rv_m,0.16171148385367962
2024-05-29,BTC,r_lag1,0.12551973526865556
2024-05-29,BTC,r2_lag1,0.09769890078474917
2024-05-29,BTC,r2_w,0.20955354597766016
2024-05-29,BTC,r2_m,0.12698946539234918
2024-05-29,BTC,down2_lag1,0.03251182466068574
2024-05-29,BTC,log_rv_lag1,0.14445031801318448
2024-05-29,BTC,log_rv_w,0.10746931052136817
2024-05-29,BTC,log_rv_m,0.15580689938134762
2024-06-18,BTC,r_lag1,0.13316733168569006
2024-06-18,BTC,r2_lag1,0.10513980738211443
2024-06-18,BTC,r2_w,0.2154850463706804
2024-06-18,BTC,r2_m,0.10733212088820053
2024-06-18,BTC,down2_lag1,0.03636154731821389
2024-06-18,BTC,log_rv_lag1,0.1355960544775193
2024-06-18,BTC,log_rv_w,0.10971432883843936
2024-06-18,BTC,log_rv_m,0.15720376303914213
2024-07-08,BTC,r_lag1,0.1658155542782719
2024-07-08,BTC,r2_lag1,0.11913353923774231
2024-07-08,BTC,r2_w,0.15231915625155923
2024-07-08,BTC,r2_m,0.12385644551196925
2024-07-08,BTC,down2_lag1,0.059887036772100506
2024-07-08,BTC,log_rv_lag1,0.11960002566742506
2024-07-08,BTC,log_rv_w,0.10947620576547396
2024-07-08,BTC,log_rv_m,0.14991203651545773
2024-07-28,BTC,r_lag1,0.12157810953571783
2024-07-28,BTC,r2_lag1,0.1229257818997429
2024-07-28,BTC,r2_w,0.1543043469776907
2024-07-28,BTC,r2_m,0.14656496063680585
2024-07-28,BTC,down2_lag1,0.046643162445360514
2024-07-28,BTC,log_rv_lag1,0.14063989355200848
2024-07-28,BTC,log_rv_w,0.10392362494672472
2024-07-28,BTC,log_rv_m,0.16342012000594897
2024-08-17,BTC,r_lag1,0.09532187601127304
2024-08-17,BTC,r2_lag1,0.13313949484085066
2024-08-17,BTC,r2_w,0.1954351006193103
2024-08-17,BTC,r2_m,0.1411543568311395
2024-08-17,BTC,down2_lag1,0.03966022649801188
2024-08-17,BTC,log_rv_lag1,0.1175565789954722
2024-08-17,BTC,log_rv_w,0.09996779544030104
2024-08-17,BTC,log_rv_m,0.1777645707636414
2024-09-06,BTC,r_lag1,0.10156598920199218
2024-09-06,BTC,r2_lag1,0.13700251260042756
2024-09-06,BTC,r2_w,0.17563773929469234
2024-09-06,BTC,r2_m,0.12793761390778605
2024-09-06,BTC,down2_lag1,0.03496515782379404
2024-09-06,BTC,log_rv_lag1,0.13677703381022568
2024-09-06,BTC,log_rv_w,0.09485203093332016
2024-09-06,BTC,log_rv_m,0.191261922427762
2024-09-26,BTC,r_lag1,0.09622932688935582
2024-09-26,BTC,r2_lag1,0.09363299495594628
2024-09-26,BTC,r2_w,0.18877771097838444
2024-09-26,BTC,r2_m,0.12855052162037325
2024-09-26,BTC,down2_lag1,0.03758915725513078
2024-09-26,BTC,log_rv_lag1,0.1453671121590457
2024-09-26,BTC,log_rv_w,0.11062445636134317
2024-09-26,BTC,log_rv_m,0.19922871978042053
2024-10-16,BTC,r_lag1,0.08406194257185716
2024-10-16,BTC,r2_lag1,0.10450671905390418
2024-10-16,BTC,r2_w,0.1817676775763571
2024-10-16,BTC,r2_m,0.13129363305218977
2024-10-16,BTC,down2_lag1,0.031015133092441846
2024-10-16,BTC,log_rv_lag1,0.1508302301074728
2024-10-16,BTC,log_rv_w,0.10085145445531842
2024-10-16,BTC,log_rv_m,0.2156732100904588
2024-11-05,BTC,r_lag1,0.08440715978685517
2024-11-05,BTC,r2_lag1,0.09228577436098653
2024-11-05,BTC,r2_w,0.18140265783215023
2024-11-05,BTC,r2_m,0.12233611089039172
2024-11-05,BTC,down2_lag1,0.028775779095316357
2024-11-05,BTC,log_rv_lag1,0.16097989725576062
2024-11-05,BTC,log_rv_w,0.11766588216128523
2024-11-05,BTC,log_rv_m,0.2121467386172542
2024-11-25,BTC,r_lag1,0.10279340808931245
2024-11-25,BTC,r2_lag1,0.10742652497180902
2024-11-25,BTC,r2_w,0.22282923435379676
2024-11-25,BTC,r2_m,0.10641224757921469
2024-11-25,BTC,down2_lag1,0.026499443501164732
2024-11-25,BTC,log_rv_lag1,0.1456959331836865
2024-11-25,BTC,log_rv_w,0.11409412182980308
2024-11-25,BTC,log_rv_m,0.1742490864912127
2024-12-15,BTC,r_lag1,0.08858632709487343
2024-12-15,BTC,r2_lag1,0.10264877438133115
2024-12-15,BTC,r2_w,0.22264852302529195
2024-12-15,BTC,r2_m,0.12153747135556546
2024-12-15,BTC,down2_lag1,0.025326483382180166
2024-12-15,BTC,log_rv_lag1,0.1481223361436234
2024-12-15,BTC,log_rv_w,0.11961411986489759
2024-12-15,BTC,log_rv_m,0.1715159647522369
2025-01-04,BTC,r_lag1,0.08117655043815526
2025-01-04,BTC,r2_lag1,0.10702727668615046
2025-01-04,BTC,r2_w,0.2376768176130132
2025-01-04,BTC,r2_m,0.12467942405144056
2025-01-04,BTC,down2_lag1,0.021105947085627564
2025-01-04,BTC,log_rv_lag1,0.1472855876942227
2025-01-04,BTC,log_rv_w,0.1113151082810232
2025-01-04,BTC,log_rv_m,0.169733288150367
2025-01-24,BTC,r_lag1,0.08260151082742526
2025-01-24,BTC,r2_lag1,0.10179572682678513
2025-01-24,BTC,r2_w,0.2354133287729606
2025-01-24,BTC,r2_m,0.11467093487945418
2025-01-24,BTC,down2_lag1,0.017228673385132245
2025-01-24,BTC,log_rv_lag1,0.15835279359136836
2025-01-24,BTC,log_rv_w,0.11370483307943378
2025-01-24,BTC,log_rv_m,0.1762321986374405
2025-02-13,BTC,r_lag1,0.07909299717286102
2025-02-13,BTC,r2_lag1,0.08878155010484824
2025-02-13,BTC,r2_w,0.22666438245927562
2025-02-13,BTC,r2_m,0.10368257279577488
2025-02-13,BTC,down2_lag1,0.01367134230725954
2025-02-13,BTC,log_rv_lag1,0.17899308050545087
2025-02-13,BTC,log_rv_w,0.10223629866143086
2025-02-13,BTC,log_rv_m,0.20687777599309892
2025-03-05,BTC,r_lag1,0.10132668475415937
2025-03-05,BTC,r2_lag1,0.10930553437830116
2025-03-05,BTC,r2_w,0.19863261449168812
2025-03-05,BTC,r2_m,0.1015165161286305
2025-03-05,BTC,down2_lag1,0.019260837263327144
2025-03-05,BTC,log_rv_lag1,0.15819798539892949
2025-03-05,BTC,log_rv_w,0.13075789472489072
2025-03-05,BTC,log_rv_m,0.18100193286007352
2025-03-25,BTC,r_lag1,0.09857563626223687
2025-03-25,BTC,r2_lag1,0.0968486663414669
2025-03-25,BTC,r2_w,0.19521951148964226
2025-03-25,BTC,r2_m,0.10609574881158854
2025-03-25,BTC,down2_lag1,0.029952452481084836
2025-03-25,BTC,log_rv_lag1,0.14863035030442132
2025-03-25,BTC,log_rv_w,0.12835029903182282
2025-03-25,BTC,log_rv_m,0.19632733527773635
2025-04-14,BTC,r_lag1,0.0944822942616111
2025-04-14,BTC,r2_lag1,0.10826798433486601
2025-04-14,BTC,r2_w,0.22489700508292712
2025-04-14,BTC,r2_m,0.10879295340098091
2025-04-14,BTC,down2_lag1,0.029642599585355103
2025-04-14,BTC,log_rv_lag1,0.14530703859232466
2025-04-14,BTC,log_rv_w,0.1318864186439479
2025-04-14,BTC,log_rv_m,0.1567237060979873
2025-05-04,BTC,r_lag1,0.10484216068979374
2025-05-04,BTC,r2_lag1,0.12688960262102753
2025-05-04,BTC,r2_w,0.24676039051742216
2025-05-04,BTC,r2_m,0.11319207204145287
2025-05-04,BTC,down2_lag1,0.02478595946890418
2025-05-04,BTC,log_rv_lag1,0.14754193028633122
2025-05-04,BTC,log_rv_w,0.08334703866500258
2025-05-04,BTC,log_rv_m,0.1526408457100657
2025-05-24,BTC,r_lag1,0.0930317346532543
2025-05-24,BTC,r2_lag1,0.12064774921004302
2025-05-24,BTC,r2_w,0.23972430037132397
2025-05-24,BTC,r2_m,0.10022070775497648
2025-05-24,BTC,down2_lag1,0.033335724096986444
2025-05-24,BTC,log_rv_lag1,0.16584634572711754
2025-05-24,BTC,log_rv_w,0.09815580936562193
2025-05-24,BTC,log_rv_m,0.1490376288206763
2025-06-13,BTC,r_lag1,0.09867324581391529
2025-06-13,BTC,r2_lag1,0.11021747260686143
2025-06-13,BTC,r2_w,0.2598251259464179
2025-06-13,BTC,r2_m,0.10328449767095305
2025-06-13,BTC,down2_lag1,0.03145791537659642
2025-06-13,BTC,log_rv_lag1,0.19090084319427317
2025-06-13,BTC,log_rv_w,0.08779022122020877
2025-06-13,BTC,log_rv_m,0.11785067817077398
2025-07-03,BTC,r_lag1,0.08814289885563384
2025-07-03,BTC,r2_lag1,0.11104221963969142
2025-07-03,BTC,r2_w,0.24873703290608115
2025-07-03,BTC,r2_m,0.08149586516923375
2025-07-03,BTC,down2_lag1,0.03340122437818002
2025-07-03,BTC,log_rv_lag1,0.22485129855381902
2025-07-03,BTC,log_rv_w,0.09981029071004222
2025-07-03,BTC,log_rv_m,0.11251916978731845
2025-07-23,BTC,r_lag1,0.08921030195544472
2025-07-23,BTC,r2_lag1,0.13148222829688802
2025-07-23,BTC,r2_w,0.20410451669449153
2025-07-23,BTC,r2_m,0.09658076581818269
2025-07-23,BTC,down2_lag1,0.032621971045294254
2025-07-23,BTC,log_rv_lag1,0.1986370206059105
2025-07-23,BTC,log_rv_w,0.10704563341056379
2025-07-23,BTC,log_rv_m,0.14031756217322455
2025-08-12,BTC,r_lag1,0.08290371989647956
2025-08-12,BTC,r2_lag1,0.15197633496017446
2025-08-12,BTC,r2_w,0.19614300291565376
2025-08-12,BTC,r2_m,0.09435622385903165
2025-08-12,BTC,down2_lag1,0.025858226916690243
2025-08-12,BTC,log_rv_lag1,0.20123109393548527
2025-08-12,BTC,log_rv_w,0.10848228541487992
2025-08-12,BTC,log_rv_m,0.13904911210160523
2025-09-01,BTC,r_lag1,0.06080792139195358
2025-09-01,BTC,r2_lag1,0.14787310599248277
2025-09-01,BTC,r2_w,0.19389452327787068
2025-09-01,BTC,r2_m,0.10101822746151828
2025-09-01,BTC,down2_lag1,0.0290425925713041
2025-09-01,BTC,log_rv_lag1,0.233112013162198
2025-09-01,BTC,log_rv_w,0.11880267789565135
2025-09-01,BTC,log_rv_m,0.11544893824702118
2025-09-21,BTC,r_lag1,0.0862975976815262
2025-09-21,BTC,r2_lag1,0.13085051374233467
2025-09-21,BTC,r2_w,0.17042265816211832
2025-09-21,BTC,r2_m,0.11533810118957957
2025-09-21,BTC,down2_lag1,0.021608849726650576
2025-09-21,BTC,log_rv_lag1,0.22267371739728326
2025-09-21,BTC,log_rv_w,0.1237954295706491
2025-09-21,BTC,log_rv_m,0.12901313252985844
2025-10-11,BTC,r_lag1,0.06940533671614905
2025-10-11,BTC,r2_lag1,0.15507168346287722
2025-10-11,BTC,r2_w,0.18373225975660032
2025-10-11,BTC,r2_m,0.07878758381986216
2025-10-11,BTC,down2_lag1,0.032448035363934896
2025-10-11,BTC,log_rv_lag1,0.2315012621331063
2025-10-11,BTC,log_rv_w,0.1456222738068322
2025-10-11,BTC,log_rv_m,0.10343156494063778
2025-10-31,BTC,r_lag1,0.07875350601450162
2025-10-31,BTC,r2_lag1,0.15795811010356378
2025-10-31,BTC,r2_w,0.18272763690421379
2025-10-31,BTC,r2_m,0.07451950422154416
2025-10-31,BTC,down2_lag1,0.025914343759601156
2025-10-31,BTC,log_rv_lag1,0.2507146680123505
2025-10-31,BTC,log_rv_w,0.10662116106278116
2025-10-31,BTC,log_rv_m,0.12279106992144373
2025-11-20,BTC,r_lag1,0.07832373069463275
2025-11-20,BTC,r2_lag1,0.1512240911232421
2025-11-20,BTC,r2_w,0.2014140624216027
2025-11-20,BTC,r2_m,0.11017148404802188
2025-11-20,BTC,down2_lag1,0.02649335315587815
2025-11-20,BTC,log_rv_lag1,0.19847266152561244
2025-11-20,BTC,log_rv_w,0.12938858237225842
2025-11-20,BTC,log_rv_m,0.10451203465875161
2025-12-10,BTC,r_lag1,0.06676992707360135
2025-12-10,BTC,r2_lag1,0.1132830483411488
2025-12-10,BTC,r2_w,0.22937360650005498
2025-12-10,BTC,r2_m,0.10707319573235631
2025-12-10,BTC,down2_lag1,0.025145876363841406
2025-12-10,BTC,log_rv_lag1,0.23513998886946194
2025-12-10,BTC,log_rv_w,0.11157714406327521
2025-12-10,BTC,log_rv_m,0.11163721305625998
2025-12-30,BTC,r_lag1,0.06983390860635164
2025-12-30,BTC,r2_lag1,0.11129112612781554
2025-12-30,BTC,r2_w,0.22418544470853308
2025-12-30,BTC,r2_m,0.10067646186439326
2025-12-30,BTC,down2_lag1,0.025999261073387094
2025-12-30,BTC,log_rv_lag1,0.2457789580294687
2025-12-30,BTC,log_rv_w,0.11806597285151904
2025-12-30,BTC,log_rv_m,0.10416886673853158
2026-01-19,BTC,r_lag1,0.08373569498741663
2026-01-19,BTC,r2_lag1,0.10839050121226283
2026-01-19,BTC,r2_w,0.2190128558025791
2026-01-19,BTC,r2_m,0.0808975991662886
2026-01-19,BTC,down2_lag1,0.02647621130466045
2026-01-19,BTC,log_rv_lag1,0.23812526828888728
2026-01-19,BTC,log_rv_w,0.13131597692744493
2026-01-19,BTC,log_rv_m,0.11204589231046011
2026-02-08,BTC,r_lag1,0.0782227077045901
2026-02-08,BTC,r2_lag1,0.10110941282378133
2026-02-08,BTC,r2_w,0.22096498582366833
2026-02-08,BTC,r2_m,0.0855810318051371
2026-02-08,BTC,down2_lag1,0.035831688540408184
2026-02-08,BTC,log_rv_lag1,0.2630571819883574
2026-02-08,BTC,log_rv_w,0.1284265644535571
2026-02-08,BTC,log_rv_m,0.08680642686050036
2026-02-28,BTC,r_lag1,0.06914935807134923
2026-02-28,BTC,r2_lag1,0.08002196905091248
2026-02-28,BTC,r2_w,0.20230552900393625
2026-02-28,BTC,r2_m,0.0872903444443092
2026-02-28,BTC,down2_lag1,0.04554115205466184
2026-02-28,BTC,log_rv_lag1,0.2669671309471318
2026-02-28,BTC,log_rv_w,0.15683882114516248
2026-02-28,BTC,log_rv_m,0.09188569528253682
2026-03-20,BTC,r_lag1,0.088662559676534
2026-03-20,BTC,r2_lag1,0.10240806594259336
2026-03-20,BTC,r2_w,0.20511149285845665
2026-03-20,BTC,r2_m,0.09674503278382746
2026-03-20,BTC,down2_lag1,0.04441532549090988
2026-03-20,BTC,log_rv_lag1,0.21334589939695905
2026-03-20,BTC,log_rv_w,0.17729556624352752
2026-03-20,BTC,log_rv_m,0.07201605760719207
2026-04-09,BTC,r_lag1,0.08539053106645832
2026-04-09,BTC,r2_lag1,0.09134061446065907
2026-04-09,BTC,r2_w,0.20055435321615822
2026-04-09,BTC,r2_m,0.07717566582462652
2026-04-09,BTC,down2_lag1,0.047940132853228554
2026-04-09,BTC,log_rv_lag1,0.21687099052026892
2026-04-09,BTC,log_rv_w,0.19656739037273518
2026-04-09,BTC,log_rv_m,0.08416032168586529
2026-04-29,BTC,r_lag1,0.09408320483030354
2026-04-29,BTC,r2_lag1,0.12388749440912493
2026-04-29,BTC,r2_w,0.1764973161136864
2026-04-29,BTC,r2_m,0.09222576875658664
2026-04-29,BTC,down2_lag1,0.04062175573840647
2026-04-29,BTC,log_rv_lag1,0.21695440551155318
2026-04-29,BTC,log_rv_w,0.18729445476118364
2026-04-29,BTC,log_rv_m,0.06843559987915535
2026-05-19,BTC,r_lag1,0.07307114531634402
2026-05-19,BTC,r2_lag1,0.10993422469240835
2026-05-19,BTC,r2_w,0.18685873751745383
2026-05-19,BTC,r2_m,0.079363304157943
2026-05-19,BTC,down2_lag1,0.04892034808942551
2026-05-19,BTC,log_rv_lag1,0.25442048445059384
2026-05-19,BTC,log_rv_w,0.17745741739349544
2026-05-19,BTC,log_rv_m,0.06997433838233602
2026-06-08,BTC,r_lag1,0.08224108957731502
2026-06-08,BTC,r2_lag1,0.1015869004684636
2026-06-08,BTC,r2_w,0.1621062904669148
2026-06-08,BTC,r2_m,0.08687961485424527
2026-06-08,BTC,down2_lag1,0.045754666527021044
2026-06-08,BTC,log_rv_lag1,0.2612606655759897
2026-06-08,BTC,log_rv_w,0.18203433225757487
2026-06-08,BTC,log_rv_m,0.07813644027247572
2026-06-28,BTC,r_lag1,0.09515702801497329
2026-06-28,BTC,r2_lag1,0.1316908287532327
2026-06-28,BTC,r2_w,0.16259615327368482
2026-06-28,BTC,r2_m,0.08899731058799032
2026-06-28,BTC,down2_lag1,0.06009835715713072
2026-06-28,BTC,log_rv_lag1,0.1951065006887567
2026-06-28,BTC,log_rv_w,0.1712475707743211
2026-06-28,BTC,log_rv_m,0.09510625074991028
2026-07-18,BTC,r_lag1,0.0989523659511906
2026-07-18,BTC,r2_lag1,0.14269264448054583
2026-07-18,BTC,r2_w,0.13061172394590098
2026-07-18,BTC,r2_m,0.09361201498243277
2026-07-18,BTC,down2_lag1,0.060020675200770195
2026-07-18,BTC,log_rv_lag1,0.21632433769757686
2026-07-18,BTC,log_rv_w,0.15428449461355842
2026-07-18,BTC,log_rv_m,0.10350174312802451
2026-08-07,BTC,r_lag1,0.08526328793399411
2026-08-07,BTC,r2_lag1,0.16094431331584966
2026-08-07,BTC,r2_w,0.2106378932663405
2026-08-07,BTC,r2_m,0.09760501924185054
2026-08-07,BTC,down2_lag1,0.053549100803120954
2026-08-07,BTC,log_rv_lag1,0.15614574899894093
2026-08-07,BTC,log_rv_w,0.13760623803191235
2026-08-07,BTC,log_rv_m,0.09824839840799098
2026-08-27,BTC,r_lag1,0.09732128334712493
2026-08-27,BTC,r2_lag1,0.18231931104168145
2026-08-27,BTC,r2_w,0.14853325164362768
2026-08-27,BTC,r2_m,0.09357751772401132
2026-08-27,BTC,down2_lag1,0.05940463276227729
2026-08-27,BTC,log_rv_lag1,0.1631323675349807
2026-08-27,BTC,log_rv_w,0.1389870343495475
2026-08-27,BTC,log_rv_m,0.11672460159674915
2026-09-10,BTC,r_lag1,0.08369334874960341
2026-09-10,BTC,r2_lag1,0.1805676004773845
2026-09-10,BTC,r2_w,0.144699336234193
2026-09-10,BTC,r2_m,0.09420997873269923
2026-09-10,BTC,down2_lag1,0.05923292794155147
2026-09-10,BTC,log_rv_lag1,0.15614070911905195
2026-09-10,BTC,log_rv_w,0.14870411533082886
2026-09-10,BTC,log_rv_m,0.1327519834146877
2019-05-16,ETH,r_lag1,0.07852381501486462
2019-05-16,ETH,r2_lag1,0.14410096885653093
2019-05-16,ETH,r2_w,0.14711941346197477
2019-05-16,ETH,r2_m,0.1427716993154937
2019-05-16,ETH,down2_lag1,0.04039993767901839
2019-05-16,ETH,log_rv_lag1,0.13786104092012455
2019-05-16,ETH,log_rv_w,0.12361987401044329
2019-05-16,ETH,log_rv_m,0.1856032507415497
2019-06-05,ETH,r_lag1,0.08906459493017352
2019-06-05,ETH,r2_lag1,0.1374614807549186
2019-06-05,ETH,r2_w,0.1516541521369559
2019-06-05,ETH,r2_m,0.13615298620651484
2019-06-05,ETH,down2_lag1,0.04279116272532797
2019-06-05,ETH,log_rv_lag1,0.12751919661198913
2019-06-05,ETH,log_rv_w,0.09420290910345969
2019-06-05,ETH,log_rv_m,0.2211535175306605
2019-06-25,ETH,r_lag1,0.09167978516883095
2019-06-25,ETH,r2_lag1,0.1663988352137503
2019-06-25,ETH,r2_w,0.14625616978278602
2019-06-25,ETH,r2_m,0.11883256704018721
2019-06-25,ETH,down2_lag1,0.04713947377065416
2019-06-25,ETH,log_rv_lag1,0.13835892338833808
2019-06-25,ETH,log_rv_w,0.11713967423931429
2019-06-25,ETH,log_rv_m,0.17419457139613895
2019-07-15,ETH,r_lag1,0.08798451969432496
2019-07-15,ETH,r2_lag1,0.17268527927116323
2019-07-15,ETH,r2_w,0.14938001369803566
2019-07-15,ETH,r2_m,0.10363985018018003
2019-07-15,ETH,down2_lag1,0.03359261743644247
2019-07-15,ETH,log_rv_lag1,0.15113180050874278
2019-07-15,ETH,log_rv_w,0.1337743924977941
2019-07-15,ETH,log_rv_m,0.16781152671331676
2019-08-04,ETH,r_lag1,0.10422899850895659
2019-08-04,ETH,r2_lag1,0.16073325789093137
2019-08-04,ETH,r2_w,0.13203317684199375
2019-08-04,ETH,r2_m,0.1010693162567206
2019-08-04,ETH,down2_lag1,0.047768373534549456
2019-08-04,ETH,log_rv_lag1,0.2027415251772208
2019-08-04,ETH,log_rv_w,0.10987597198966985
2019-08-04,ETH,log_rv_m,0.1415493797999576
2019-08-24,ETH,r_lag1,0.10257475069721135
2019-08-24,ETH,r2_lag1,0.16881617515690117
2019-08-24,ETH,r2_w,0.13708922889627181
2019-08-24,ETH,r2_m,0.09206702316995691
2019-08-24,ETH,down2_lag1,0.04976726464942297
2019-08-24,ETH,log_rv_lag1,0.20451420579503066
2019-08-24,ETH,log_rv_w,0.11559264886933825
2019-08-24,ETH,log_rv_m,0.12957870276586683
2019-09-13,ETH,r_lag1,0.11547720389426755
2019-09-13,ETH,r2_lag1,0.1532847618373213
2019-09-13,ETH,r2_w,0.16217262538727456
2019-09-13,ETH,r2_m,0.07892866755287771
2019-09-13,ETH,down2_lag1,0.04831130871342959
2019-09-13,ETH,log_rv_lag1,0.17946746373142425
2019-09-13,ETH,log_rv_w,0.13144454798857805
2019-09-13,ETH,log_rv_m,0.13091342089482716
2019-10-03,ETH,r_lag1,0.09099740078950974
2019-10-03,ETH,r2_lag1,0.1633964805354717
2019-10-03,ETH,r2_w,0.15379848425080464
2019-10-03,ETH,r2_m,0.10084404561328127
2019-10-03,ETH,down2_lag1,0.04138827913971683
2019-10-03,ETH,log_rv_lag1,0.18931037404601042
2019-10-03,ETH,log_rv_w,0.13823636089325858
2019-10-03,ETH,log_rv_m,0.12202857473194682
2019-10-23,ETH,r_lag1,0.09774876568072059
2019-10-23,ETH,r2_lag1,0.16136262699368167
2019-10-23,ETH,r2_w,0.15822185350426604
2019-10-23,ETH,r2_m,0.10768800668873878
2019-10-23,ETH,down2_lag1,0.04127503191291652
2019-10-23,ETH,log_rv_lag1,0.17093080030915295
2019-10-23,ETH,log_rv_w,0.14801687848969947
2019-10-23,ETH,log_rv_m,0.11475603642082394
2019-11-12,ETH,r_lag1,0.08810920745515574
2019-11-12,ETH,r2_lag1,0.17218352055958697
2019-11-12,ETH,r2_w,0.15792184104476084
2019-11-12,ETH,r2_m,0.1115327822581809
2019-11-12,ETH,down2_lag1,0.03916651428493127
2019-11-12,ETH,log_rv_lag1,0.18060993792994282
2019-11-12,ETH,log_rv_w,0.12503790331314643
2019-11-12,ETH,log_rv_m,0.12543829315429506
2019-12-02,ETH,r_lag1,0.09118019107592298
2019-12-02,ETH,r2_lag1,0.17654096360898797
2019-12-02,ETH,r2_w,0.1446392505063455
2019-12-02,ETH,r2_m,0.11650675754114148
2019-12-02,ETH,down2_lag1,0.04308131729227548
2019-12-02,ETH,log_rv_lag1,0.17441434324182167
2019-12-02,ETH,log_rv_w,0.1460693003871562
2019-12-02,ETH,log_rv_m,0.1075678763463487
2019-12-22,ETH,r_lag1,0.11033372408371259
2019-12-22,ETH,r2_lag1,0.1592235593291855
2019-12-22,ETH,r2_w,0.14380153652606162
2019-12-22,ETH,r2_m,0.11092002342756091
2019-12-22,ETH,down2_lag1,0.039524097582087914
2019-12-22,ETH,log_rv_lag1,0.18551851132123925
2019-12-22,ETH,log_rv_w,0.13203375686835295
2019-12-22,ETH,log_rv_m,0.11864479086179928
2020-01-11,ETH,r_lag1,0.11925391439595409
2020-01-11,ETH,r2_lag1,0.12937317537589924
2020-01-11,ETH,r2_w,0.1671299196905858
2020-01-11,ETH,r2_m,0.1405799108202121
2020-01-11,ETH,down2_lag1,0.0342763413853508
2020-01-11,ETH,log_rv_lag1,0.1489392256346161
2020-01-11,ETH,log_rv_w,0.12819754419837634
2020-01-11,ETH,log_rv_m,0.13224996849900564
2020-01-31,ETH,r_lag1,0.11350284855735461
2020-01-31,ETH,r2_lag1,0.17549369941055762
2020-01-31,ETH,r2_w,0.17841990983319575
2020-01-31,ETH,r2_m,0.13770404189193453
2020-01-31,ETH,down2_lag1,0.03313109953086654
2020-01-31,ETH,log_rv_lag1,0.1375550503380226
2020-01-31,ETH,log_rv_w,0.11189273157571039
2020-01-31,ETH,log_rv_m,0.11230061886235793
2020-02-20,ETH,r_lag1,0.10445950766846758
2020-02-20,ETH,r2_lag1,0.1598338267737958
2020-02-20,ETH,r2_w,0.1416854093471047
2020-02-20,ETH,r2_m,0.18326271086998117
2020-02-20,ETH,down2_lag1,0.031026520274199918
2020-02-20,ETH,log_rv_lag1,0.14927826927374116
2020-02-20,ETH,log_rv_w,0.1144814618661978
2020-02-20,ETH,log_rv_m,0.11597229392651182
2020-03-11,ETH,r_lag1,0.08820009564329004
2020-03-11,ETH,r2_lag1,0.15985906273883607
2020-03-11,ETH,r2_w,0.13779215816865537
2020-03-11,ETH,r2_m,0.16853232255384312
2020-03-11,ETH,down2_lag1,0.03108352324017045
2020-03-11,ETH,log_rv_lag1,0.1289120859866
2020-03-11,ETH,log_rv_w,0.15174326735431107
2020-03-11,ETH,log_rv_m,0.13387748431429394
2020-03-31,ETH,r_lag1,0.1076358816453054
2020-03-31,ETH,r2_lag1,0.17344900667672952
2020-03-31,ETH,r2_w,0.12266317851762065
2020-03-31,ETH,r2_m,0.12273178567671414
2020-03-31,ETH,down2_lag1,0.048600641926585114
2020-03-31,ETH,log_rv_lag1,0.11336096512630062
2020-03-31,ETH,log_rv_w,0.15115385790567465
2020-03-31,ETH,log_rv_m,0.16040468252506987
2020-04-20,ETH,r_lag1,0.12273347765240424
2020-04-20,ETH,r2_lag1,0.13826516891342922
2020-04-20,ETH,r2_w,0.1446758953279726
2020-04-20,ETH,r2_m,0.1407080916458474
2020-04-20,ETH,down2_lag1,0.049670611502426736
2020-04-20,ETH,log_rv_lag1,0.09423923840031329
2020-04-20,ETH,log_rv_w,0.1467004009163151
2020-04-20,ETH,log_rv_m,0.1630071156412915
2020-05-10,ETH,r_lag1,0.10933484089608017
2020-05-10,ETH,r2_lag1,0.17855547604975464
2020-05-10,ETH,r2_w,0.1392528871287422
2020-05-10,ETH,r2_m,0.11834064064109284
2020-05-10,ETH,down2_lag1,0.03365129697328359
2020-05-10,ETH,log_rv_lag1,0.09214185572071606
2020-05-10,ETH,log_rv_w,0.13566943867584969
2020-05-10,ETH,log_rv_m,0.19305356391448086
2020-05-30,ETH,r_lag1,0.0835280088053105
2020-05-30,ETH,r2_lag1,0.2055385930306692
2020-05-30,ETH,r2_w,0.12317082283275885
2020-05-30,ETH,r2_m,0.1346520061730276
2020-05-30,ETH,down2_lag1,0.037048920740445745
2020-05-30,ETH,log_rv_lag1,0.10087771653970305
2020-05-30,ETH,log_rv_w,0.13798738664247068
2020-05-30,ETH,log_rv_m,0.17719654523561446
2020-06-19,ETH,r_lag1,0.11356083183354468
2020-06-19,ETH,r2_lag1,0.15564460208690686
2020-06-19,ETH,r2_w,0.1414116770868446
2020-06-19,ETH,r2_m,0.10460232612296917
2020-06-19,ETH,down2_lag1,0.04458749603532114
2020-06-19,ETH,log_rv_lag1,0.07396687627285364
2020-06-19,ETH,log_rv_w,0.16358141175270055
2020-06-19,ETH,log_rv_m,0.20264477880885934
2020-07-09,ETH,r_lag1,0.11487088753552158
2020-07-09,ETH,r2_lag1,0.1779557721292642
2020-07-09,ETH,r2_w,0.11752244675963595
2020-07-09,ETH,r2_m,0.12282966299886855
2020-07-09,ETH,down2_lag1,0.05082361317239206
2020-07-09,ETH,log_rv_lag1,0.09161569337764026
2020-07-09,ETH,log_rv_w,0.13202039411274222
2020-07-09,ETH,log_rv_m,0.19236152991393524
2020-07-29,ETH,r_lag1,0.09779835921916696
2020-07-29,ETH,r2_lag1,0.14832124489462287
2020-07-29,ETH,r2_w,0.16698511409565822
2020-07-29,ETH,r2_m,0.1051092668569704
2020-07-29,ETH,down2_lag1,0.053033003244707826
2020-07-29,ETH,log_rv_lag1,0.09388672410209034
2020-07-29,ETH,log_rv_w,0.1488599353993485
2020-07-29,ETH,log_rv_m,0.186006352187435
2020-08-18,ETH,r_lag1,0.09852971609547828
2020-08-18,ETH,r2_lag1,0.14535206158405145
2020-08-18,ETH,r2_w,0.14521938281357757
2020-08-18,ETH,r2_m,0.13043632935254446
2020-08-18,ETH,down2_lag1,0.04288733071934643
2020-08-18,ETH,log_rv_lag1,0.1303603316555151
2020-08-18,ETH,log_rv_w,0.13984492462356368
2020-08-18,ETH,log_rv_m,0.16736992315592297
2020-09-07,ETH,r_lag1,0.11673926681386489
2020-09-07,ETH,r2_lag1,0.13299307195315413
2020-09-07,ETH,r2_w,0.20713919667251732
2020-09-07,ETH,r2_m,0.15431637561086775
2020-09-07,ETH,down2_lag1,0.03574371080217156
2020-09-07,ETH,log_rv_lag1,0.08304544327127851
2020-09-07,ETH,log_rv_w,0.13022991472172013
2020-09-07,ETH,log_rv_m,0.13979302015442557
2020-09-27,ETH,r_lag1,0.11826439614650851
2020-09-27,ETH,r2_lag1,0.12731916432570875
2020-09-27,ETH,r2_w,0.19163709634242906
2020-09-27,ETH,r2_m,0.13507887876888844
2020-09-27,ETH,down2_lag1,0.05063139783601266
2020-09-27,ETH,log_rv_lag1,0.1010675970233183
2020-09-27,ETH,log_rv_w,0.09764696781201575
2020-09-27,ETH,log_rv_m,0.17835450174511866
2020-10-17,ETH,r_lag1,0.10658582818846424
2020-10-17,ETH,r2_lag1,0.13131943684973293
2020-10-17,ETH,r2_w,0.23698383784088398
2020-10-17,ETH,r2_m,0.1544539845604319
2020-10-17,ETH,down2_lag1,0.03618614984608236
2020-10-17,ETH,log_rv_lag1,0.08940755441007732
2020-10-17,ETH,log_rv_w,0.10886896555492645
2020-10-17,ETH,log_rv_m,0.1361942427494007
2020-11-06,ETH,r_lag1,0.10701921807874722
2020-11-06,ETH,r2_lag1,0.12887639342727364
2020-11-06,ETH,r2_w,0.2519813450173983
2020-11-06,ETH,r2_m,0.11285512982613997
2020-11-06,ETH,down2_lag1,0.05137528015862947
2020-11-06,ETH,log_rv_lag1,0.13460971907307206
2020-11-06,ETH,log_rv_w,0.09644567150374318
2020-11-06,ETH,log_rv_m,0.11683724291499616
2020-11-26,ETH,r_lag1,0.08994751666514618
2020-11-26,ETH,r2_lag1,0.1271041044851544
2020-11-26,ETH,r2_w,0.2280783867271093
2020-11-26,ETH,r2_m,0.1369534239530716
2020-11-26,ETH,down2_lag1,0.028887415669415717
2020-11-26,ETH,log_rv_lag1,0.115677561444009
2020-11-26,ETH,log_rv_w,0.1521222985872569
2020-11-26,ETH,log_rv_m,0.12122929246883694
2020-12-16,ETH,r_lag1,0.0974713056646068
2020-12-16,ETH,r2_lag1,0.1145394502431437
2020-12-16,ETH,r2_w,0.2548476169984878
2020-12-16,ETH,r2_m,0.12528032308364592
2020-12-16,ETH,down2_lag1,0.03341277997523362
2020-12-16,ETH,log_rv_lag1,0.12514812114087748
2020-12-16,ETH,log_rv_w,0.12321852095207522
2020-12-16,ETH,log_rv_m,0.1260818819419296
2021-01-05,ETH,r_lag1,0.07644802873074123
2021-01-05,ETH,r2_lag1,0.09277407091085749
2021-01-05,ETH,r2_w,0.23932843559160638
2021-01-05,ETH,r2_m,0.13945651645611779
2021-01-05,ETH,down2_lag1,0.02233061068526665
2021-01-05,ETH,log_rv_lag1,0.12014245964572665
2021-01-05,ETH,log_rv_w,0.15499649816888966
2021-01-05,ETH,log_rv_m,0.1545233798107942
2021-01-25,ETH,r_lag1,0.07709897964534376
2021-01-25,ETH,r2_lag1,0.13166765433339625
2021-01-25,ETH,r2_w,0.16774048358425422
2021-01-25,ETH,r2_m,0.1710030626165226
2021-01-25,ETH,down2_lag1,0.04607216198753752
2021-01-25,ETH,log_rv_lag1,0.0962281013479228
2021-01-25,ETH,log_rv_w,0.1836381312012645
2021-01-25,ETH,log_rv_m,0.12655142528375835
2021-02-14,ETH,r_lag1,0.11772385796141606
2021-02-14,ETH,r2_lag1,0.09895851999585403
2021-02-14,ETH,r2_w,0.19074903896581624
2021-02-14,ETH,r2_m,0.1597831956372343
2021-02-14,ETH,down2_lag1,0.048736867858132076
2021-02-14,ETH,log_rv_lag1,0.10119813566154634
2021-02-14,ETH,log_rv_w,0.16000624976605585
2021-02-14,ETH,log_rv_m,0.12284413415394516
2021-03-06,ETH,r_lag1,0.1022738737432031
2021-03-06,ETH,r2_lag1,0.13288684350752386
2021-03-06,ETH,r2_w,0.18955030342826532
2021-03-06,ETH,r2_m,0.16676267016826105
2021-03-06,ETH,down2_lag1,0.03759391526288828
2021-03-06,ETH,log_rv_lag1,0.10394543848544131
2021-03-06,ETH,log_rv_w,0.12740496656041814
2021-03-06,ETH,log_rv_m,0.13958198884399906
2021-03-26,ETH,r_lag1,0.09509266204523462
2021-03-26,ETH,r2_lag1,0.11664052697501068
2021-03-26,ETH,r2_w,0.2104535141957083
2021-03-26,ETH,r2_m,0.16125761500323063
2021-03-26,ETH,down2_lag1,0.04376121556677621
2021-03-26,ETH,log_rv_lag1,0.10049292757931472
2021-03-26,ETH,log_rv_w,0.1262226598632007
2021-03-26,ETH,log_rv_m,0.1460788787715243
2021-04-15,ETH,r_lag1,0.08679460906658383
2021-04-15,ETH,r2_lag1,0.14425787884134064
2021-04-15,ETH,r2_w,0.17258644582262955
2021-04-15,ETH,r2_m,0.1742578456583997
2021-04-15,ETH,down2_lag1,0.045177662899128196
2021-04-15,ETH,log_rv_lag1,0.10658239977355982
2021-04-15,ETH,log_rv_w,0.13131332867821693
2021-04-15,ETH,log_rv_m,0.13902982926014137
2021-05-05,ETH,r_lag1,0.09669740679331769
2021-05-05,ETH,r2_lag1,0.15388154907686
2021-05-05,ETH,r2_w,0.19313652707368056
2021-05-05,ETH,r2_m,0.17405169044231866
2021-05-05,ETH,down2_lag1,0.03817246648819321
2021-05-05,ETH,log_rv_lag1,0.11051214028238149
2021-05-05,ETH,log_rv_w,0.10723820336656853
2021-05-05,ETH,log_rv_m,0.1263100164766799
2021-05-25,ETH,r_lag1,0.09564197118463671
2021-05-25,ETH,r2_lag1,0.15280240863478547
2021-05-25,ETH,r2_w,0.22166672254504272
2021-05-25,ETH,r2_m,0.15299014562072374
2021-05-25,ETH,down2_lag1,0.04308234661007219
2021-05-25,ETH,log_rv_lag1,0.1326059829383516
2021-05-25,ETH,log_rv_w,0.09288668434681542
2021-05-25,ETH,log_rv_m,0.10832373811957212
2021-06-14,ETH,r_lag1,0.11269429181684708
2021-06-14,ETH,r2_lag1,0.1575320633744928
2021-06-14,ETH,r2_w,0.1842239159674835
2021-06-14,ETH,r2_m,0.12182418860261918
2021-06-14,ETH,down2_lag1,0.040728753403594414
2021-06-14,ETH,log_rv_lag1,0.16258744267310607
2021-06-14,ETH,log_rv_w,0.09921914043875568
2021-06-14,ETH,log_rv_m,0.1211902037231013
2021-07-04,ETH,r_lag1,0.10025593179410087
2021-07-04,ETH,r2_lag1,0.19399698099883417
2021-07-04,ETH,r2_w,0.1492781583818443
2021-07-04,ETH,r2_m,0.10835027825747319
2021-07-04,ETH,down2_lag1,0.03509574080452367
2021-07-04,ETH,log_rv_lag1,0.1674216511842879
2021-07-04,ETH,log_rv_w,0.13943531449148408
2021-07-04,ETH,log_rv_m,0.10616594408745181
2021-07-24,ETH,r_lag1,0.08625216778600946
2021-07-24,ETH,r2_lag1,0.1604041039472049
2021-07-24,ETH,r2_w,0.1468766994336125
2021-07-24,ETH,r2_m,0.14653237636117528
2021-07-24,ETH,down2_lag1,0.018247316919322527
2021-07-24,ETH,log_rv_lag1,0.14686213273297263
2021-07-24,ETH,log_rv_w,0.15371635734275332
2021-07-24,ETH,log_rv_m,0.14110884547694943
2021-08-13,ETH,r_lag1,0.07787594324437823
2021-08-13,ETH,r2_lag1,0.12297173240541605
2021-08-13,ETH,r2_w,0.11455274304068785
2021-08-13,ETH,r2_m,0.19228175736206587
2021-08-13,ETH,down2_lag1,0.02384484939844303
2021-08-13,ETH,log_rv_lag1,0.16329281051665198
2021-08-13,ETH,log_rv_w,0.19582900560427846
2021-08-13,ETH,log_rv_m,0.10935115842807842
2021-09-02,ETH,r_lag1,0.07508352956620513
2021-09-02,ETH,r2_lag1,0.12592652073389288
2021-09-02,ETH,r2_w,0.10199724138678765
2021-09-02,ETH,r2_m,0.2175138801491145
2021-09-02,ETH,down2_lag1,0.018781772850440588
2021-09-02,ETH,log_rv_lag1,0.18798632496465434
2021-09-02,ETH,log_rv_w,0.169529277644381
2021-09-02,ETH,log_rv_m,0.10318145270452396
2021-09-22,ETH,r_lag1,0.061806617939583745
2021-09-22,ETH,r2_lag1,0.1411766087390015
2021-09-22,ETH,r2_w,0.11023338230743789
2021-09-22,ETH,r2_m,0.20409727203908737
2021-09-22,ETH,down2_lag1,0.025182604953644248
2021-09-22,ETH,log_rv_lag1,0.1606694504771924
2021-09-22,ETH,log_rv_w,0.20536344553237934
2021-09-22,ETH,log_rv_m,0.09147061801167339
2021-10-12,ETH,r_lag1,0.045864248306140096
2021-10-12,ETH,r2_lag1,0.12235759489476809
2021-10-12,ETH,r2_w,0.11275042650048135
2021-10-12,ETH,r2_m,0.22513707226737
2021-10-12,ETH,down2_lag1,0.019005073896367762
2021-10-12,ETH,log_rv_lag1,0.18588371750031935
2021-10-12,ETH,log_rv_w,0.19987030197221983
2021-10-12,ETH,log_rv_m,0.08913156466233352
2021-11-01,ETH,r_lag1,0.05517933116965138
2021-11-01,ETH,r2_lag1,0.15782299004245354
2021-11-01,ETH,r2_w,0.11507461590453148
2021-11-01,ETH,r2_m,0.2211279188920912
2021-11-01,ETH,down2_lag1,0.015475026261713487
2021-11-01,ETH,log_rv_lag1,0.18593802782958185
2021-11-01,ETH,log_rv_w,0.16233393250322045
2021-11-01,ETH,log_rv_m,0.08704815739675663
2021-11-21,ETH,r_lag1,0.07612531453429273
2021-11-21,ETH,r2_lag1,0.1396372201790561
2021-11-21,ETH,r2_w,0.13025512456750019
2021-11-21,ETH,r2_m,0.18555090441291508
2021-11-21,ETH,down2_lag1,0.02029126098694746
2021-11-21,ETH,log_rv_lag1,0.17182055328229695
2021-11-21,ETH,log_rv_w,0.16871111588867266
2021-11-21,ETH,log_rv_m,0.10760850614831895
2021-12-11,ETH,r_lag1,0.07029332040433844
2021-12-11,ETH,r2_lag1,0.13492794788058507
2021-12-11,ETH,r2_w,0.11678180166498922
2021-12-11,ETH,r2_m,0.20073085954790923
2021-12-11,ETH,down2_lag1,0.022123271346798444
2021-12-11,ETH,log_rv_lag1,0.18382089726521605
2021-12-11,ETH,log_rv_w,0.156116467217613
2021-12-11,ETH,log_rv_m,0.11520543467255061
2021-12-31,ETH,r_lag1,0.06751169909385821
2021-12-31,ETH,r2_lag1,0.14636472865430833
2021-12-31,ETH,r2_w,0.10618188162266236
2021-12-31,ETH,r2_m,0.21509676098894553
2021-12-31,ETH,down2_lag1,0.021270442171490687
2021-12-31,ETH,log_rv_lag1,0.1999275932031094
2021-12-31,ETH,log_rv_w,0.1524598322386766
2021-12-31,ETH,log_rv_m,0.09118706202694893
2022-01-20,ETH,r_lag1,0.07006012920145958
2022-01-20,ETH,r2_lag1,0.15433101799908497
2022-01-20,ETH,r2_w,0.12560878547363064
2022-01-20,ETH,r2_m,0.19188330759190508
2022-01-20,ETH,down2_lag1,0.020528088714468786
2022-01-20,ETH,log_rv_lag1,0.19529679983493617
2022-01-20,ETH,log_rv_w,0.14365667411182978
2022-01-20,ETH,log_rv_m,0.09863519707268503
2022-02-09,ETH,r_lag1,0.0700346760236288
2022-02-09,ETH,r2_lag1,0.1503755020584898
2022-02-09,ETH,r2_w,0.1277123530209671
2022-02-09,ETH,r2_m,0.1661134727808477
2022-02-09,ETH,down2_lag1,0.018560845729002493
2022-02-09,ETH,log_rv_lag1,0.19654073485052348
2022-02-09,ETH,log_rv_w,0.17396811593050246
2022-02-09,ETH,log_rv_m,0.09669429960603809
2022-03-01,ETH,r_lag1,0.07306474114957212
2022-03-01,ETH,r2_lag1,0.13742256172332898
2022-03-01,ETH,r2_w,0.10264583995671776
2022-03-01,ETH,r2_m,0.1945652194480423
2022-03-01,ETH,down2_lag1,0.019531790441719443
2022-03-01,ETH,log_rv_lag1,0.18868375715811714
2022-03-01,ETH,log_rv_w,0.17585372583869638
2022-03-01,ETH,log_rv_m,0.10823236428380584
2022-03-21,ETH,r_lag1,0.06590123984000838
2022-03-21,ETH,r2_lag1,0.11351492111026903
2022-03-21,ETH,r2_w,0.11064358900200613
2022-03-21,ETH,r2_m,0.19705591576761988
2022-03-21,ETH,down2_lag1,0.018067657529578552
2022-03-21,ETH,log_rv_lag1,0.19477460483319436
2022-03-21,ETH,log_rv_w,0.17580108001145472
2022-03-21,ETH,log_rv_m,0.12424099190586899
2022-04-10,ETH,r_lag1,0.06943970240998959
2022-04-10,ETH,r2_lag1,0.09575656679519692
2022-04-10,ETH,r2_w,0.10109663916814476
2022-04-10,ETH,r2_m,0.2083299005250896
2022-04-10,ETH,down2_lag1,0.024003151943193943
2022-04-10,ETH,log_rv_lag1,0.23178335645572584
2022-04-10,ETH,log_rv_w,0.16737656100835802
2022-04-10,ETH,log_rv_m,0.10221412169430139
2022-04-30,ETH,r_lag1,0.0760326399911233
2022-04-30,ETH,r2_lag1,0.11921234235063835
2022-04-30,ETH,r2_w,0.11999980614926603
2022-04-30,ETH,r2_m,0.17030731320439577
2022-04-30,ETH,down2_lag1,0.02833317149625084
2022-04-30,ETH,log_rv_lag1,0.23369840808768155
2022-04-30,ETH,log_rv_w,0.13933422541440246
2022-04-30,ETH,log_rv_m,0.1130820933062417
2022-05-20,ETH,r_lag1,0.07706507780997288
2022-05-20,ETH,r2_lag1,0.08107927433168831
2022-05-20,ETH,r2_w,0.16151725414474305
2022-05-20,ETH,r2_m,0.17803477783925803
2022-05-20,ETH,down2_lag1,0.02891823843303409
2022-05-20,ETH,log_rv_lag1,0.22019139374590832
2022-05-20,ETH,log_rv_w,0.12323732294192831
2022-05-20,ETH,log_rv_m,0.12995666075346704
2022-06-09,ETH,r_lag1,0.08331120919873423
2022-06-09,ETH,r2_lag1,0.09531344995180423
2022-06-09,ETH,r2_w,0.12817359978990636
2022-06-09,ETH,r2_m,0.2122155382009584
2022-06-09,ETH,down2_lag1,0.026681070060752744
2022-06-09,ETH,log_rv_lag1,0.20332638960995633
2022-06-09,ETH,log_rv_w,0.13364797520307456
2022-06-09,ETH,log_rv_m,0.11733076798481312
2022-06-29,ETH,r_lag1,0.06659613385907012
2022-06-29,ETH,r2_lag1,0.0839904564002371
2022-06-29,ETH,r2_w,0.1434075350639808
2022-06-29,ETH,r2_m,0.201911996577311
2022-06-29,ETH,down2_lag1,0.02978000420865197
2022-06-29,ETH,log_rv_lag1,0.18670718253899107
2022-06-29,ETH,log_rv_w,0.1610767455665324
2022-06-29,ETH,log_rv_m,0.12652994578522553
2022-07-19,ETH,r_lag1,0.07832331251067481
2022-07-19,ETH,r2_lag1,0.08320601113234521
2022-07-19,ETH,r2_w,0.14382613962356716
2022-07-19,ETH,r2_m,0.16587789165066746
2022-07-19,ETH,down2_lag1,0.033611098512488474
2022-07-19,ETH,log_rv_lag1,0.18112007697696306
2022-07-19,ETH,log_rv_w,0.16518796298753347
2022-07-19,ETH,log_rv_m,0.14884750660576032
2022-08-08,ETH,r_lag1,0.0879629259667938
2022-08-08,ETH,r2_lag1,0.09832450398161671
2022-08-08,ETH,r2_w,0.1439444433441916
2022-08-08,ETH,r2_m,0.149628630576041
2022-08-08,ETH,down2_lag1,0.03333657230964852
2022-08-08,ETH,log_rv_lag1,0.14864931469886028
2022-08-08,ETH,log_rv_w,0.1887837113667067
2022-08-08,ETH,log_rv_m,0.14936989775614135
2022-08-28,ETH,r_lag1,0.07764448428228823
2022-08-28,ETH,r2_lag1,0.08101689860959713
2022-08-28,ETH,r2_w,0.1249049643487666
2022-08-28,ETH,r2_m,0.1356654158931187
2022-08-28,ETH,down2_lag1,0.034189069068118465
2022-08-28,ETH,log_rv_lag1,0.21379047122025358
2022-08-28,ETH,log_rv_w,0.17302056282079487
2022-08-28,ETH,log_rv_m,0.15976813375706259
2022-09-17,ETH,r_lag1,0.08971120913683776
2022-09-17,ETH,r2_lag1,0.09084341500520181
2022-09-17,ETH,r2_w,0.12020011601251883
2022-09-17,ETH,r2_m,0.13731429222246122
2022-09-17,ETH,down2_lag1,0.026958425925513643
2022-09-17,ETH,log_rv_lag1,0.25470438327746525
2022-09-17,ETH,log_rv_w,0.12996401740255087
2022-09-17,ETH,log_rv_m,0.15030414101745077
2022-10-07,ETH,r_lag1,0.08825720743827598
2022-10-07,ETH,r2_lag1,0.10643902059919501
2022-10-07,ETH,r2_w,0.10014648123619052
2022-10-07,ETH,r2_m,0.1334247965466956
2022-10-07,ETH,down2_lag1,0.030392917112772158
2022-10-07,ETH,log_rv_lag1,0.22356303425187554
2022-10-07,ETH,log_rv_w,0.13694288152258424
2022-10-07,ETH,log_rv_m,0.18083366129241102
2022-10-27,ETH,r_lag1,0.08206387329836484
2022-10-27,ETH,r2_lag1,0.09343633679025634
2022-10-27,ETH,r2_w,0.08410863858326995
2022-10-27,ETH,r2_m,0.15579075487481964
2022-10-27,ETH,down2_lag1,0.03983821229883938
2022-10-27,ETH,log_rv_lag1,0.23488401622361502
2022-10-27,ETH,log_rv_w,0.10725653905252486
2022-10-27,ETH,log_rv_m,0.20262162887830995
2022-11-16,ETH,r_lag1,0.09046637533286662
2022-11-16,ETH,r2_lag1,0.09171883661629997
2022-11-16,ETH,r2_w,0.09952316286148456
2022-11-16,ETH,r2_m,0.12691530786146174
2022-11-16,ETH,down2_lag1,0.0458982136117176
2022-11-16,ETH,log_rv_lag1,0.21768228978547965
2022-11-16,ETH,log_rv_w,0.15162059923249738
2022-11-16,ETH,log_rv_m,0.1761752146981925
2022-12-06,ETH,r_lag1,0.09768685378287173
2022-12-06,ETH,r2_lag1,0.13941677107270592
2022-12-06,ETH,r2_w,0.10757313003130065
2022-12-06,ETH,r2_m,0.10212776015057014
2022-12-06,ETH,down2_lag1,0.03834396419406893
2022-12-06,ETH,log_rv_lag1,0.19923616172742714
2022-12-06,ETH,log_rv_w,0.16471200417627063
2022-12-06,ETH,log_rv_m,0.15090335486478484
2022-12-26,ETH,r_lag1,0.09534715431746006
2022-12-26,ETH,r2_lag1,0.13807666448009928
2022-12-26,ETH,r2_w,0.10780430292829413
2022-12-26,ETH,r2_m,0.10251425937638668
2022-12-26,ETH,down2_lag1,0.045599892774911464
2022-12-26,ETH,log_rv_lag1,0.16444668383488473
2022-12-26,ETH,log_rv_w,0.1555923937303667
2022-12-26,ETH,log_rv_m,0.19061864855759691
2023-01-15,ETH,r_lag1,0.078353882259916
2023-01-15,ETH,r2_lag1,0.11923630197166198
2023-01-15,ETH,r2_w,0.09192515198443403
2023-01-15,ETH,r2_m,0.13829489750512497
2023-01-15,ETH,down2_lag1,0.03750661129920345
2023-01-15,ETH,log_rv_lag1,0.20884672206573862
2023-01-15,ETH,log_rv_w,0.14322534756245897
2023-01-15,ETH,log_rv_m,0.18261108535146192
2023-02-04,ETH,r_lag1,0.10243862874894478
2023-02-04,ETH,r2_lag1,0.11290101322637745
2023-02-04,ETH,r2_w,0.09726001898905348
2023-02-04,ETH,r2_m,0.12958076220613934
2023-02-04,ETH,down2_lag1,0.0345796769219353
2023-02-04,ETH,log_rv_lag1,0.21571828371115703
2023-02-04,ETH,log_rv_w,0.1453480605796509
2023-02-04,ETH,log_rv_m,0.1621735556167417
2023-02-24,ETH,r_lag1,0.0815202273253878
2023-02-24,ETH,r2_lag1,0.1188366139561228
2023-02-24,ETH,r2_w,0.07904893010610367
2023-02-24,ETH,r2_m,0.12990556417676147
2023-02-24,ETH,down2_lag1,0.051097885715906635
2023-02-24,ETH,log_rv_lag1,0.18761676869914357
2023-02-24,ETH,log_rv_w,0.14260247453252045
2023-02-24,ETH,log_rv_m,0.20937153548805368
2023-03-16,ETH,r_lag1,0.07993967181754637
2023-03-16,ETH,r2_lag1,0.11208704524842188
2023-03-16,ETH,r2_w,0.07958541349926958
2023-03-16,ETH,r2_m,0.1752586360551774
2023-03-16,ETH,down2_lag1,0.0514240392585478
2023-03-16,ETH,log_rv_lag1,0.1648570842495239
2023-03-16,ETH,log_rv_w,0.15083979192210328
2023-03-16,ETH,log_rv_m,0.18600831794940986
2023-04-05,ETH,r_lag1,0.10145842345981965
2023-04-05,ETH,r2_lag1,0.11075555772487254
2023-04-05,ETH,r2_w,0.10891873901657328
2023-04-05,ETH,r2_m,0.1574450865828415
2023-04-05,ETH,down2_lag1,0.04278040156150175
2023-04-05,ETH,log_rv_lag1,0.16420177254693372
2023-04-05,ETH,log_rv_w,0.144063681105972
2023-04-05,ETH,log_rv_m,0.17037633800148552
2023-04-25,ETH,r_lag1,0.08735219418514616
2023-04-25,ETH,r2_lag1,0.10202733230681638
2023-04-25,ETH,r2_w,0.09913356523168884
2023-04-25,ETH,r2_m,0.18545139110577133
2023-04-25,ETH,down2_lag1,0.043843340221277026
2023-04-25,ETH,log_rv_lag1,0.14710961268220452
2023-04-25,ETH,log_rv_w,0.16093526929246618
2023-04-25,ETH,log_rv_m,0.17414729497462958
2023-05-15,ETH,r_lag1,0.11288597645954057
2023-05-15,ETH,r2_lag1,0.10700557961042234
2023-05-15,ETH,r2_w,0.12097891960050752
2023-05-15,ETH,r2_m,0.1712862600987185
2023-05-15,ETH,down2_lag1,0.03992238516598717
2023-05-15,ETH,log_rv_lag1,0.14829606990944538
2023-05-15,ETH,log_rv_w,0.17712161493015838
2023-05-15,ETH,log_rv_m,0.12250319422522024
2023-06-04,ETH,r_lag1,0.09177253382750912
2023-06-04,ETH,r2_lag1,0.09095278335735879
2023-06-04,ETH,r2_w,0.15216014047081114
2023-06-04,ETH,r2_m,0.14867682398831128
2023-06-04,ETH,down2_lag1,0.04341129882943655
2023-06-04,ETH,log_rv_lag1,0.15209369029023131
2023-06-04,ETH,log_rv_w,0.1797288201335222
2023-06-04,ETH,log_rv_m,0.14120390910281957
2023-06-24,ETH,r_lag1,0.09296949686498185
2023-06-24,ETH,r2_lag1,0.12946518887925262
2023-06-24,ETH,r2_w,0.13650705646883698
2023-06-24,ETH,r2_m,0.16013998366408116
2023-06-24,ETH,down2_lag1,0.04344588569170088
2023-06-24,ETH,log_rv_lag1,0.15360413752963897
2023-06-24,ETH,log_rv_w,0.1465379107449133
2023-06-24,ETH,log_rv_m,0.1373303401565943
2023-07-14,ETH,r_lag1,0.10313081449064711
2023-07-14,ETH,r2_lag1,0.07427914998579763
2023-07-14,ETH,r2_w,0.13251998730258022
2023-07-14,ETH,r2_m,0.1705671594701781
2023-07-14,ETH,down2_lag1,0.05172374381085361
2023-07-14,ETH,log_rv_lag1,0.1708880188683404
2023-07-14,ETH,log_rv_w,0.16038334530521897
2023-07-14,ETH,log_rv_m,0.13650778076638406
2023-08-03,ETH,r_lag1,0.10066183878578887
2023-08-03,ETH,r2_lag1,0.08898279027579285
2023-08-03,ETH,r2_w,0.12125121289781968
2023-08-03,ETH,r2_m,0.2134762406789596
2023-08-03,ETH,down2_lag1,0.041569836222929465
2023-08-03,ETH,log_rv_lag1,0.1509376690414084
2023-08-03,ETH,log_rv_w,0.14835110242607094
2023-08-03,ETH,log_rv_m,0.1347693096712302
2023-08-23,ETH,r_lag1,0.09008233322059488
2023-08-23,ETH,r2_lag1,0.09258944545842222
2023-08-23,ETH,r2_w,0.11154977664887648
2023-08-23,ETH,r2_m,0.19329405198427677
2023-08-23,ETH,down2_lag1,0.05239880387416333
2023-08-23,ETH,log_rv_lag1,0.1821549823392703
2023-08-23,ETH,log_rv_w,0.1294035341137483
2023-08-23,ETH,log_rv_m,0.14852707236064774
2023-09-12,ETH,r_lag1,0.09632150802429996
2023-09-12,ETH,r2_lag1,0.08561760009930429
2023-09-12,ETH,r2_w,0.14504998671959793
2023-09-12,ETH,r2_m,0.18621629104681847
2023-09-12,ETH,down2_lag1,0.06448963066206355
2023-09-12,ETH,log_rv_lag1,0.15471495810722866
2023-09-12,ETH,log_rv_w,0.11216234967749814
2023-09-12,ETH,log_rv_m,0.15542767566318902
2023-10-02,ETH,r_lag1,0.1048785846976382
2023-10-02,ETH,r2_lag1,0.09118961002095975
2023-10-02,ETH,r2_w,0.13604096105390878
2023-10-02,ETH,r2_m,0.16651233498266446
2023-10-02,ETH,down2_lag1,0.06544848935619547
2023-10-02,ETH,log_rv_lag1,0.15483426059856525
2023-10-02,ETH,log_rv_w,0.11466215655987301
2023-10-02,ETH,log_rv_m,0.16643360273019503
2023-10-22,ETH,r_lag1,0.11066072679911654
2023-10-22,ETH,r2_lag1,0.0696164948254844
2023-10-22,ETH,r2_w,0.14938742786793083
2023-10-22,ETH,r2_m,0.16760723736468428
2023-10-22,ETH,down2_lag1,0.07302590091876499
2023-10-22,ETH,log_rv_lag1,0.14712226018164404
2023-10-22,ETH,log_rv_w,0.12624225756172927
2023-10-22,ETH,log_rv_m,0.15633769448064566
2023-11-11,ETH,r_lag1,0.14950878147977534
2023-11-11,ETH,r2_lag1,0.06303383573281326
2023-11-11,ETH,r2_w,0.1479341822427314
2023-11-11,ETH,r2_m,0.19367503371039713
2023-11-11,ETH,down2_lag1,0.06993783277702444
2023-11-11,ETH,log_rv_lag1,0.11945102729313622
2023-11-11,ETH,log_rv_w,0.11849431874886346
2023-11-11,ETH,log_rv_m,0.13796498801525878
2023-12-01,ETH,r_lag1,0.12282411656206516
2023-12-01,ETH,r2_lag1,0.06892475142577599
2023-12-01,ETH,r2_w,0.14411779951396816
2023-12-01,ETH,r2_m,0.18409870294616928
2023-12-01,ETH,down2_lag1,0.08490036325256602
2023-12-01,ETH,log_rv_lag1,0.13963400546945864
2023-12-01,ETH,log_rv_w,0.12373301405651484
2023-12-01,ETH,log_rv_m,0.13176724677348195
2023-12-21,ETH,r_lag1,0.14147367722419046
2023-12-21,ETH,r2_lag1,0.07378754222337526
2023-12-21,ETH,r2_w,0.21575661873858698
2023-12-21,ETH,r2_m,0.14019779032029597
2023-12-21,ETH,down2_lag1,0.08962543089790267
2023-12-21,ETH,log_rv_lag1,0.11048329243351976
2023-12-21,ETH,log_rv_w,0.12346536509284968
2023-12-21,ETH,log_rv_m,0.10521028306927924
2024-01-10,ETH,r_lag1,0.14055049033430445
2024-01-10,ETH,r2_lag1,0.10760800311998503
2024-01-10,ETH,r2_w,0.16636846803031097
2024-01-10,ETH,r2_m,0.11939823144962178
2024-01-10,ETH,down2_lag1,0.08920695351499584
2024-01-10,ETH,log_rv_lag1,0.14076528865338267
2024-01-10,ETH,log_rv_w,0.11998863824372528
2024-01-10,ETH,log_rv_m,0.11611392665367404
2024-01-30,ETH,r_lag1,0.134389794014384
2024-01-30,ETH,r2_lag1,0.10988360006441406
2024-01-30,ETH,r2_w,0.17854229658038012
2024-01-30,ETH,r2_m,0.1349455022739742
2024-01-30,ETH,down2_lag1,0.08041526282508821
2024-01-30,ETH,log_rv_lag1,0.13767982423507447
2024-01-30,ETH,log_rv_w,0.12997977296194774
2024-01-30,ETH,log_rv_m,0.09416394704473731
2024-02-19,ETH,r_lag1,0.1351204892995058
2024-02-19,ETH,r2_lag1,0.09287992595756012
2024-02-19,ETH,r2_w,0.19432117677280777
2024-02-19,ETH,r2_m,0.13961067238627764
2024-02-19,ETH,down2_lag1,0.06995934089520338
2024-02-19,ETH,log_rv_lag1,0.16216744971607713
2024-02-19,ETH,log_rv_w,0.11013302997011878
2024-02-19,ETH,log_rv_m,0.0958079150024494
2024-03-10,ETH,r_lag1,0.15131561645575003
2024-03-10,ETH,r2_lag1,0.10695507503533222
2024-03-10,ETH,r2_w,0.13295932702080562
2024-03-10,ETH,r2_m,0.13190912028218002
2024-03-10,ETH,down2_lag1,0.07975694602897589
2024-03-10,ETH,log_rv_lag1,0.1552094826914429
2024-03-10,ETH,log_rv_w,0.13644439924181698
2024-03-10,ETH,log_rv_m,0.10545003324369626
2024-03-30,ETH,r_lag1,0.15258682084053563
2024-03-30,ETH,r2_lag1,0.11766879192716224
2024-03-30,ETH,r2_w,0.1317081560786476
2024-03-30,ETH,r2_m,0.14653214476422174
2024-03-30,ETH,down2_lag1,0.06069352711529876
2024-03-30,ETH,log_rv_lag1,0.17088770877743095
2024-03-30,ETH,log_rv_w,0.12735579016425957
2024-03-30,ETH,log_rv_m,0.0925670603324436
2024-04-19,ETH,r_lag1,0.14584884872822282
2024-04-19,ETH,r2_lag1,0.12356087427866776
2024-04-19,ETH,r2_w,0.16369559953114407
2024-04-19,ETH,r2_m,0.13165406907074412
2024-04-19,ETH,down2_lag1,0.047061597993067965
2024-04-19,ETH,log_rv_lag1,0.16584583049208607
2024-04-19,ETH,log_rv_w,0.12030597646723347
2024-04-19,ETH,log_rv_m,0.10202720343883373
2024-05-09,ETH,r_lag1,0.1339819943088629
2024-05-09,ETH,r2_lag1,0.10861344988449803
2024-05-09,ETH,r2_w,0.1715809087797801
2024-05-09,ETH,r2_m,0.09986274817162741
2024-05-09,ETH,down2_lag1,0.04927755617955588
2024-05-09,ETH,log_rv_lag1,0.17645206935741597
2024-05-09,ETH,log_rv_w,0.14163401776545365
2024-05-09,ETH,log_rv_m,0.11859725555280617
2024-05-29,ETH,r_lag1,0.14876067347193409
2024-05-29,ETH,r2_lag1,0.08051810536524956
2024-05-29,ETH,r2_w,0.1368653835020988
2024-05-29,ETH,r2_m,0.128551849556815
2024-05-29,ETH,down2_lag1,0.0835566129725521
2024-05-29,ETH,log_rv_lag1,0.13836111072339916
2024-05-29,ETH,log_rv_w,0.13900796683611064
2024-05-29,ETH,log_rv_m,0.14437829757184076
2024-06-18,ETH,r_lag1,0.14047424536250563
2024-06-18,ETH,r2_lag1,0.08231271694076767
2024-06-18,ETH,r2_w,0.12393760490217622
2024-06-18,ETH,r2_m,0.16176375960364714
2024-06-18,ETH,down2_lag1,0.086793142356935
2024-06-18,ETH,log_rv_lag1,0.15242874163617576
2024-06-18,ETH,log_rv_w,0.11879576619937766
2024-06-18,ETH,log_rv_m,0.13349402299841506
2024-07-08,ETH,r_lag1,0.16572169389270366
2024-07-08,ETH,r2_lag1,0.06551111151084747
2024-07-08,ETH,r2_w,0.17114098237175263
2024-07-08,ETH,r2_m,0.11773661644397726
2024-07-08,ETH,down2_lag1,0.09248738159474389
2024-07-08,ETH,log_rv_lag1,0.17712930666133123
2024-07-08,ETH,log_rv_w,0.10051617821302729
2024-07-08,ETH,log_rv_m,0.10975672931161666
2024-07-28,ETH,r_lag1,0.11919033201003758
2024-07-28,ETH,r2_lag1,0.0856010185079964
2024-07-28,ETH,r2_w,0.11152922255230004
2024-07-28,ETH,r2_m,0.16825899972264177
2024-07-28,ETH,down2_lag1,0.07834177815482884
2024-07-28,ETH,log_rv_lag1,0.19933583684781261
2024-07-28,ETH,log_rv_w,0.1131188665046209
2024-07-28,ETH,log_rv_m,0.12462394569976191
2024-08-17,ETH,r_lag1,0.10118968983180561
2024-08-17,ETH,r2_lag1,0.09608993764723997
2024-08-17,ETH,r2_w,0.10058103905181373
2024-08-17,ETH,r2_m,0.16825146921884795
2024-08-17,ETH,down2_lag1,0.07422091380078215
2024-08-17,ETH,log_rv_lag1,0.2671970515015265
2024-08-17,ETH,log_rv_w,0.07494072886532217
2024-08-17,ETH,log_rv_m,0.11752917008266191
2024-09-06,ETH,r_lag1,0.10435398871199515
2024-09-06,ETH,r2_lag1,0.08689239213323054
2024-09-06,ETH,r2_w,0.10666755137212582
2024-09-06,ETH,r2_m,0.16978896333867627
2024-09-06,ETH,down2_lag1,0.06435290949996572
2024-09-06,ETH,log_rv_lag1,0.2357768958147835
2024-09-06,ETH,log_rv_w,0.09808024284005154
2024-09-06,ETH,log_rv_m,0.13408705628917156
2024-09-26,ETH,r_lag1,0.10921744642655011
2024-09-26,ETH,r2_lag1,0.10863987816399355
2024-09-26,ETH,r2_w,0.13130357501891743
2024-09-26,ETH,r2_m,0.1442051985757628
2024-09-26,ETH,down2_lag1,0.06279442074082414
2024-09-26,ETH,log_rv_lag1,0.24690066676467023
2024-09-26,ETH,log_rv_w,0.08836787641729142
2024-09-26,ETH,log_rv_m,0.10857093789199024
2024-10-16,ETH,r_lag1,0.08918897037202511
2024-10-16,ETH,r2_lag1,0.1078389363491445
2024-10-16,ETH,r2_w,0.10847295357100575
2024-10-16,ETH,r2_m,0.13806373934709532
2024-10-16,ETH,down2_lag1,0.06443287859562238
2024-10-16,ETH,log_rv_lag1,0.31990317374644317
2024-10-16,ETH,log_rv_w,0.0854732965390095
2024-10-16,ETH,log_rv_m,0.0866260514796543
2024-11-05,ETH,r_lag1,0.09043565393924861
2024-11-05,ETH,r2_lag1,0.10979708234776249
2024-11-05,ETH,r2_w,0.1378605308190323
2024-11-05,ETH,r2_m,0.14173103542292861
2024-11-05,ETH,down2_lag1,0.065834639525428
2024-11-05,ETH,log_rv_lag1,0.26928542824515583
2024-11-05,ETH,log_rv_w,0.10571022643532758
2024-11-05,ETH,log_rv_m,0.07934540326511663
2024-11-25,ETH,r_lag1,0.07634895911176844
2024-11-25,ETH,r2_lag1,0.11625746337383361
2024-11-25,ETH,r2_w,0.19321269839936658
2024-11-25,ETH,r2_m,0.1335442616793427
2024-11-25,ETH,down2_lag1,0.040379820966493174
2024-11-25,ETH,log_rv_lag1,0.1863780298085787
2024-11-25,ETH,log_rv_w,0.13274438851982842
2024-11-25,ETH,log_rv_m,0.12113437814078844
2024-12-15,ETH,r_lag1,0.09017506149563398
2024-12-15,ETH,r2_lag1,0.11335099702208891
2024-12-15,ETH,r2_w,0.19349329682598956
2024-12-15,ETH,r2_m,0.13418989512426524
2024-12-15,ETH,down2_lag1,0.04514833672620254
2024-12-15,ETH,log_rv_lag1,0.15546135063712993
2024-12-15,ETH,log_rv_w,0.1432983986021992
2024-12-15,ETH,log_rv_m,0.12488266356649064
2025-01-04,ETH,r_lag1,0.08586488319714293
2025-01-04,ETH,r2_lag1,0.10947009380199808
2025-01-04,ETH,r2_w,0.21483585395099375
2025-01-04,ETH,r2_m,0.14068538623867297
2025-01-04,ETH,down2_lag1,0.0450010986717956
2025-01-04,ETH,log_rv_lag1,0.15100516334972044
2025-01-04,ETH,log_rv_w,0.1276394201352338
2025-01-04,ETH,log_rv_m,0.12549810065444236
2025-01-24,ETH,r_lag1,0.08185132793967863
2025-01-24,ETH,r2_lag1,0.1045327859690308
2025-01-24,ETH,r2_w,0.21787254580151744
2025-01-24,ETH,r2_m,0.12930713715606082
2025-01-24,ETH,down2_lag1,0.04026696489720261
2025-01-24,ETH,log_rv_lag1,0.14996682013352236
2025-01-24,ETH,log_rv_w,0.13479723651731687
2025-01-24,ETH,log_rv_m,0.14140518158567045
2025-02-13,ETH,r_lag1,0.08987325059867443
2025-02-13,ETH,r2_lag1,0.11968942703487148
2025-02-13,ETH,r2_w,0.2333501013407675
2025-02-13,ETH,r2_m,0.15049992180603264
2025-02-13,ETH,down2_lag1,0.04315016665366894
2025-02-13,ETH,log_rv_lag1,0.11724872985491076
2025-02-13,ETH,log_rv_w,0.12275773008139647
2025-02-13,ETH,log_rv_m,0.12343067262967783
2025-03-05,ETH,r_lag1,0.11583325036779957
2025-03-05,ETH,r2_lag1,0.10754625804325503
2025-03-05,ETH,r2_w,0.1765412414988566
2025-03-05,ETH,r2_m,0.14032448649533202
2025-03-05,ETH,down2_lag1,0.046389228606486546
2025-03-05,ETH,log_rv_lag1,0.13768425721081334
2025-03-05,ETH,log_rv_w,0.14611393628601096
2025-03-05,ETH,log_rv_m,0.1295673414914459
2025-03-25,ETH,r_lag1,0.12788124868196216
2025-03-25,ETH,r2_lag1,0.12782390149900294
2025-03-25,ETH,r2_w,0.17212492212667072
2025-03-25,ETH,r2_m,0.13032109565492667
2025-03-25,ETH,down2_lag1,0.04469375602564282
2025-03-25,ETH,log_rv_lag1,0.13148356900736186
2025-03-25,ETH,log_rv_w,0.13464595939362292
2025-03-25,ETH,log_rv_m,0.13102554761080995
2025-04-14,ETH,r_lag1,0.13694748026277603
2025-04-14,ETH,r2_lag1,0.11786583965583974
2025-04-14,ETH,r2_w,0.1687590959337971
2025-04-14,ETH,r2_m,0.13354126556664178
2025-04-14,ETH,down2_lag1,0.042007722026499564
2025-04-14,ETH,log_rv_lag1,0.12122826631743396
2025-04-14,ETH,log_rv_w,0.13435340080289265
2025-04-14,ETH,log_rv_m,0.14529692943411912
2025-05-04,ETH,r_lag1,0.1238296658194289
2025-05-04,ETH,r2_lag1,0.12824002250653874
2025-05-04,ETH,r2_w,0.19596231183184848
2025-05-04,ETH,r2_m,0.13283800843201465
2025-05-04,ETH,down2_lag1,0.047894285619946485
2025-05-04,ETH,log_rv_lag1,0.10861304498704101
2025-05-04,ETH,log_rv_w,0.12877669287015295
2025-05-04,ETH,log_rv_m,0.13384596793302886
2025-05-24,ETH,r_lag1,0.11587510595904114
2025-05-24,ETH,r2_lag1,0.12381069770057163
2025-05-24,ETH,r2_w,0.21972884763954728
2025-05-24,ETH,r2_m,0.12399138290774296
2025-05-24,ETH,down2_lag1,0.03634196530307184
2025-05-24,ETH,log_rv_lag1,0.12637319176851702
2025-05-24,ETH,log_rv_w,0.12276322023662742
2025-05-24,ETH,log_rv_m,0.13111558848488064
2025-06-13,ETH,r_lag1,0.11134478434250418
2025-06-13,ETH,r2_lag1,0.12563900608770978
2025-06-13,ETH,r2_w,0.1750498870992502
2025-06-13,ETH,r2_m,0.15732925396661715
2025-06-13,ETH,down2_lag1,0.028712795975378402
2025-06-13,ETH,log_rv_lag1,0.12131838686401618
2025-06-13,ETH,log_rv_w,0.14125701942926608
2025-06-13,ETH,log_rv_m,0.13934886623525813
2025-07-03,ETH,r_lag1,0.1103176822949109
2025-07-03,ETH,r2_lag1,0.14097633185291936
2025-07-03,ETH,r2_w,0.19269366997298407
2025-07-03,ETH,r2_m,0.11294879663700774
2025-07-03,ETH,down2_lag1,0.04072703418879343
2025-07-03,ETH,log_rv_lag1,0.1462016591415629
2025-07-03,ETH,log_rv_w,0.11930530528516738
2025-07-03,ETH,log_rv_m,0.13682952062665416
2025-07-23,ETH,r_lag1,0.11819132937400731
2025-07-23,ETH,r2_lag1,0.1355487359703825
2025-07-23,ETH,r2_w,0.15075603525008918
2025-07-23,ETH,r2_m,0.09685215552600022
2025-07-23,ETH,down2_lag1,0.045052457608651945
2025-07-23,ETH,log_rv_lag1,0.14265320359659717
2025-07-23,ETH,log_rv_w,0.12078243483909233
2025-07-23,ETH,log_rv_m,0.1901636478351795
2025-08-12,ETH,r_lag1,0.12007615198986667
2025-08-12,ETH,r2_lag1,0.12158748816740675
2025-08-12,ETH,r2_w,0.1387165120917684
2025-08-12,ETH,r2_m,0.09249073442142734
2025-08-12,ETH,down2_lag1,0.05382838257509679
2025-08-12,ETH,log_rv_lag1,0.1425168289639795
2025-08-12,ETH,log_rv_w,0.15867876773422454
2025-08-12,ETH,log_rv_m,0.17210513405623004
2025-09-01,ETH,r_lag1,0.11118241824270113
2025-09-01,ETH,r2_lag1,0.10147747051171205
2025-09-01,ETH,r2_w,0.12457340188577301
2025-09-01,ETH,r2_m,0.10593796384996873
2025-09-01,ETH,down2_lag1,0.05899940486696757
2025-09-01,ETH,log_rv_lag1,0.16920422520628547
2025-09-01,ETH,log_rv_w,0.1633592866173278
2025-09-01,ETH,log_rv_m,0.16526582881926416
2025-09-21,ETH,r_lag1,0.12968684535134484
2025-09-21,ETH,r2_lag1,0.11361476109865111
2025-09-21,ETH,r2_w,0.12444170945794532
2025-09-21,ETH,r2_m,0.09728657891331402
2025-09-21,ETH,down2_lag1,0.053278855031062264
2025-09-21,ETH,log_rv_lag1,0.18091348443058902
2025-09-21,ETH,log_rv_w,0.1259258611209389
2025-09-21,ETH,log_rv_m,0.1748519045961546
2025-10-11,ETH,r_lag1,0.12864513011105053
2025-10-11,ETH,r2_lag1,0.12481060514443967
2025-10-11,ETH,r2_w,0.13439693103376063
2025-10-11,ETH,r2_m,0.1198456622845752
2025-10-11,ETH,down2_lag1,0.04663268712091263
2025-10-11,ETH,log_rv_lag1,0.15740493724715424
2025-10-11,ETH,log_rv_w,0.12803889053779097
2025-10-11,ETH,log_rv_m,0.1602251565203162
2025-10-31,ETH,r_lag1,0.1158075248728721
2025-10-31,ETH,r2_lag1,0.11721049459086094
2025-10-31,ETH,r2_w,0.156902931175472
2025-10-31,ETH,r2_m,0.0956880785569986
2025-10-31,ETH,down2_lag1,0.049449783269946285
2025-10-31,ETH,log_rv_lag1,0.15762807387915154
2025-10-31,ETH,log_rv_w,0.16353972405349906
2025-10-31,ETH,log_rv_m,0.1437733896011995
2025-11-20,ETH,r_lag1,0.11768830612562427
2025-11-20,ETH,r2_lag1,0.11691048947096577
2025-11-20,ETH,r2_w,0.1532315333257945
2025-11-20,ETH,r2_m,0.09617786635601693
2025-11-20,ETH,down2_lag1,0.050046197286880714
2025-11-20,ETH,log_rv_lag1,0.1846743211441672
2025-11-20,ETH,log_rv_w,0.13450103469400704
2025-11-20,ETH,log_rv_m,0.14677025159654356
2025-12-10,ETH,r_lag1,0.10706115057392783
2025-12-10,ETH,r2_lag1,0.1288396632421672
2025-12-10,ETH,r2_w,0.13866836684566058
2025-12-10,ETH,r2_m,0.10323004953109084
2025-12-10,ETH,down2_lag1,0.03996115330104887
2025-12-10,ETH,log_rv_lag1,0.1632051166207747
2025-12-10,ETH,log_rv_w,0.1344313337793515
2025-12-10,ETH,log_rv_m,0.18460316610597846
2025-12-30,ETH,r_lag1,0.1077525968000881
2025-12-30,ETH,r2_lag1,0.12356694343788378
2025-12-30,ETH,r2_w,0.13975959665754406
2025-12-30,ETH,r2_m,0.09469359426482461
2025-12-30,ETH,down2_lag1,0.034794742324555
2025-12-30,ETH,log_rv_lag1,0.1626095254420754
2025-12-30,ETH,log_rv_w,0.1304796210835145
2025-12-30,ETH,log_rv_m,0.20634337998951463
2026-01-19,ETH,r_lag1,0.1141220644210154
2026-01-19,ETH,r2_lag1,0.12462148847524473
2026-01-19,ETH,r2_w,0.13412101542173133
2026-01-19,ETH,r2_m,0.11546608315477579
2026-01-19,ETH,down2_lag1,0.04079638259520882
2026-01-19,ETH,log_rv_lag1,0.16890494479883225
2026-01-19,ETH,log_rv_w,0.13664430198024105
2026-01-19,ETH,log_rv_m,0.1653237191529507
2026-02-08,ETH,r_lag1,0.11791690523353635
2026-02-08,ETH,r2_lag1,0.1496312080195661
2026-02-08,ETH,r2_w,0.14217034162501288
2026-02-08,ETH,r2_m,0.1007129161817617
2026-02-08,ETH,down2_lag1,0.04855450330322635
2026-02-08,ETH,log_rv_lag1,0.1647363757110007
2026-02-08,ETH,log_rv_w,0.1275111645675345
2026-02-08,ETH,log_rv_m,0.14876658535836149
2026-02-28,ETH,r_lag1,0.10452110488809818
2026-02-28,ETH,r2_lag1,0.11034132023298315
2026-02-28,ETH,r2_w,0.1351446665583351
2026-02-28,ETH,r2_m,0.10504262207357015
2026-02-28,ETH,down2_lag1,0.04002482968517844
2026-02-28,ETH,log_rv_lag1,0.20637422855013945
2026-02-28,ETH,log_rv_w,0.12467598698880378
2026-02-28,ETH,log_rv_m,0.1738752410228918
2026-03-20,ETH,r_lag1,0.09717184768542934
2026-03-20,ETH,r2_lag1,0.13355488870568727
2026-03-20,ETH,r2_w,0.13651107418158465
2026-03-20,ETH,r2_m,0.09837380641435164
2026-03-20,ETH,down2_lag1,0.044694687596873506
2026-03-20,ETH,log_rv_lag1,0.17748896002143447
2026-03-20,ETH,log_rv_w,0.1685893469271206
2026-03-20,ETH,log_rv_m,0.14361538846751865
2026-04-09,ETH,r_lag1,0.09598379301461062
2026-04-09,ETH,r2_lag1,0.12166055807378628
2026-04-09,ETH,r2_w,0.1630894882765107
2026-04-09,ETH,r2_m,0.10633578541345652
2026-04-09,ETH,down2_lag1,0.043157059099382236
2026-04-09,ETH,log_rv_lag1,0.15490357416245792
2026-04-09,ETH,log_rv_w,0.16839634201006132
2026-04-09,ETH,log_rv_m,0.14647339994973435
2026-04-29,ETH,r_lag1,0.08957156582262985
2026-04-29,ETH,r2_lag1,0.11176896329670229
2026-04-29,ETH,r2_w,0.14743109435154444
2026-04-29,ETH,r2_m,0.12014628784762302
2026-04-29,ETH,down2_lag1,0.044543988428061454
2026-04-29,ETH,log_rv_lag1,0.1925762849882772
2026-04-29,ETH,log_rv_w,0.13212774069209826
2026-04-29,ETH,log_rv_m,0.16183407457306348
2026-05-19,ETH,r_lag1,0.08872989329369874
2026-05-19,ETH,r2_lag1,0.11954943304743297
2026-05-19,ETH,r2_w,0.1388513762622264
2026-05-19,ETH,r2_m,0.11127481739554096
2026-05-19,ETH,down2_lag1,0.03902518285896178
2026-05-19,ETH,log_rv_lag1,0.19111621539030282
2026-05-19,ETH,log_rv_w,0.15179973777747494
2026-05-19,ETH,log_rv_m,0.15965334397436148
2026-06-08,ETH,r_lag1,0.09066672385527985
2026-06-08,ETH,r2_lag1,0.11836142926352326
2026-06-08,ETH,r2_w,0.1249813241810177
2026-06-08,ETH,r2_m,0.12100646584747751
2026-06-08,ETH,down2_lag1,0.02553324777863918
2026-06-08,ETH,log_rv_lag1,0.20070178175174427
2026-06-08,ETH,log_rv_w,0.11862318034875266
2026-06-08,ETH,log_rv_m,0.2001258469735655
2026-06-28,ETH,r_lag1,0.09480703434040304
2026-06-28,ETH,r2_lag1,0.10819211687166175
2026-06-28,ETH,r2_w,0.12489342372671833
2026-06-28,ETH,r2_m,0.11675279134110282
2026-06-28,ETH,down2_lag1,0.04723544187017632
2026-06-28,ETH,log_rv_lag1,0.165187069865254
2026-06-28,ETH,log_rv_w,0.1612415237204923
2026-06-28,ETH,log_rv_m,0.18169059826419146
2026-07-18,ETH,r_lag1,0.07999804373958837
2026-07-18,ETH,r2_lag1,0.12264553385689479
2026-07-18,ETH,r2_w,0.10342652717640971
2026-07-18,ETH,r2_m,0.09830918668661918
2026-07-18,ETH,down2_lag1,0.04353307118704407
2026-07-18,ETH,log_rv_lag1,0.1730478613865588
2026-07-18,ETH,log_rv_w,0.14805703817162472
2026-07-18,ETH,log_rv_m,0.23098273779526046
2026-08-07,ETH,r_lag1,0.09813104852582769
2026-08-07,ETH,r2_lag1,0.1005300192585475
2026-08-07,ETH,r2_w,0.11021819334298287
2026-08-07,ETH,r2_m,0.09652593317467204
2026-08-07,ETH,down2_lag1,0.05161733493123136
2026-08-07,ETH,log_rv_lag1,0.1601895310465221
2026-08-07,ETH,log_rv_w,0.11262747094108755
2026-08-07,ETH,log_rv_m,0.2701604687791288
2026-08-27,ETH,r_lag1,0.10343207044223916
2026-08-27,ETH,r2_lag1,0.09701690056394195
2026-08-27,ETH,r2_w,0.118415537809763
2026-08-27,ETH,r2_m,0.11094951187380865
2026-08-27,ETH,down2_lag1,0.05511701580156422
2026-08-27,ETH,log_rv_lag1,0.16359156910546788
2026-08-27,ETH,log_rv_w,0.1364626465061285
2026-08-27,ETH,log_rv_m,0.21501474789708663
2026-09-10,ETH,r_lag1,0.10258250936411521
2026-09-10,ETH,r2_lag1,0.09429345599046059
2026-09-10,ETH,r2_w,0.11065931331352508
2026-09-10,ETH,r2_m,0.12064638614935226
2026-09-10,ETH,down2_lag1,0.048280686991981826
2026-09-10,ETH,log_rv_lag1,0.21157686100557285
2026-09-10,ETH,log_rv_w,0.11879081109434883
2026-09-10,ETH,log_rv_m,0.19316997609064337
